file,class,method,variable,usage
/Users/pooria/Documents/repos/SSBSE-Research-2021-replication/subjects/scripts/../components/code/snowball-stemmer/src/java/org/tartarus/snowball/ext/frenchStemmer.java,org.tartarus.snowball.ext.frenchStemmer,r_RV/0,I_pV,1
/Users/pooria/Documents/repos/SSBSE-Research-2021-replication/subjects/scripts/../components/code/snowball-stemmer/src/java/org/tartarus/snowball/ext/frenchStemmer.java,org.tartarus.snowball.ext.frenchStemmer,r_mark_regions/0,a_0,1
/Users/pooria/Documents/repos/SSBSE-Research-2021-replication/subjects/scripts/../components/code/snowball-stemmer/src/java/org/tartarus/snowball/ext/frenchStemmer.java,org.tartarus.snowball.ext.frenchStemmer,r_mark_regions/0,I_p1,2
/Users/pooria/Documents/repos/SSBSE-Research-2021-replication/subjects/scripts/../components/code/snowball-stemmer/src/java/org/tartarus/snowball/ext/frenchStemmer.java,org.tartarus.snowball.ext.frenchStemmer,r_mark_regions/0,I_p2,2
/Users/pooria/Documents/repos/SSBSE-Research-2021-replication/subjects/scripts/../components/code/snowball-stemmer/src/java/org/tartarus/snowball/ext/frenchStemmer.java,org.tartarus.snowball.ext.frenchStemmer,r_mark_regions/0,I_pV,2
/Users/pooria/Documents/repos/SSBSE-Research-2021-replication/subjects/scripts/../components/code/snowball-stemmer/src/java/org/tartarus/snowball/ext/frenchStemmer.java,org.tartarus.snowball.ext.frenchStemmer,r_mark_regions/0,g_v,7
/Users/pooria/Documents/repos/SSBSE-Research-2021-replication/subjects/scripts/../components/code/snowball-stemmer/src/java/org/tartarus/snowball/ext/frenchStemmer.java,org.tartarus.snowball.ext.frenchStemmer,r_un_double/0,a_8,1
/Users/pooria/Documents/repos/SSBSE-Research-2021-replication/subjects/scripts/../components/code/snowball-stemmer/src/java/org/tartarus/snowball/ext/frenchStemmer.java,org.tartarus.snowball.ext.frenchStemmer,r_R1/0,I_p1,1
/Users/pooria/Documents/repos/SSBSE-Research-2021-replication/subjects/scripts/../components/code/snowball-stemmer/src/java/org/tartarus/snowball/ext/frenchStemmer.java,org.tartarus.snowball.ext.frenchStemmer,r_residual_suffix/0,a_7,1
/Users/pooria/Documents/repos/SSBSE-Research-2021-replication/subjects/scripts/../components/code/snowball-stemmer/src/java/org/tartarus/snowball/ext/frenchStemmer.java,org.tartarus.snowball.ext.frenchStemmer,r_residual_suffix/0,g_keep_with_s,1
/Users/pooria/Documents/repos/SSBSE-Research-2021-replication/subjects/scripts/../components/code/snowball-stemmer/src/java/org/tartarus/snowball/ext/frenchStemmer.java,org.tartarus.snowball.ext.frenchStemmer,r_residual_suffix/0,I_pV,2
/Users/pooria/Documents/repos/SSBSE-Research-2021-replication/subjects/scripts/../components/code/snowball-stemmer/src/java/org/tartarus/snowball/ext/frenchStemmer.java,org.tartarus.snowball.ext.frenchStemmer,r_prelude/0,g_v,4
/Users/pooria/Documents/repos/SSBSE-Research-2021-replication/subjects/scripts/../components/code/snowball-stemmer/src/java/org/tartarus/snowball/ext/frenchStemmer.java,org.tartarus.snowball.ext.frenchStemmer,r_verb_suffix/0,a_6,1
/Users/pooria/Documents/repos/SSBSE-Research-2021-replication/subjects/scripts/../components/code/snowball-stemmer/src/java/org/tartarus/snowball/ext/frenchStemmer.java,org.tartarus.snowball.ext.frenchStemmer,r_verb_suffix/0,I_pV,2
/Users/pooria/Documents/repos/SSBSE-Research-2021-replication/subjects/scripts/../components/code/snowball-stemmer/src/java/org/tartarus/snowball/ext/frenchStemmer.java,org.tartarus.snowball.ext.frenchStemmer,r_un_accent/0,g_v,1
/Users/pooria/Documents/repos/SSBSE-Research-2021-replication/subjects/scripts/../components/code/snowball-stemmer/src/java/org/tartarus/snowball/ext/frenchStemmer.java,org.tartarus.snowball.ext.frenchStemmer,r_standard_suffix/0,a_3,1
/Users/pooria/Documents/repos/SSBSE-Research-2021-replication/subjects/scripts/../components/code/snowball-stemmer/src/java/org/tartarus/snowball/ext/frenchStemmer.java,org.tartarus.snowball.ext.frenchStemmer,r_standard_suffix/0,a_2,1
/Users/pooria/Documents/repos/SSBSE-Research-2021-replication/subjects/scripts/../components/code/snowball-stemmer/src/java/org/tartarus/snowball/ext/frenchStemmer.java,org.tartarus.snowball.ext.frenchStemmer,r_standard_suffix/0,a_4,1
/Users/pooria/Documents/repos/SSBSE-Research-2021-replication/subjects/scripts/../components/code/snowball-stemmer/src/java/org/tartarus/snowball/ext/frenchStemmer.java,org.tartarus.snowball.ext.frenchStemmer,r_standard_suffix/0,g_v,2
/Users/pooria/Documents/repos/SSBSE-Research-2021-replication/subjects/scripts/../components/code/snowball-stemmer/src/java/org/tartarus/snowball/ext/frenchStemmer.java,org.tartarus.snowball.ext.frenchStemmer,copy_from/1[org.tartarus.snowball.ext.frenchStemmer],I_p1,1
/Users/pooria/Documents/repos/SSBSE-Research-2021-replication/subjects/scripts/../components/code/snowball-stemmer/src/java/org/tartarus/snowball/ext/frenchStemmer.java,org.tartarus.snowball.ext.frenchStemmer,copy_from/1[org.tartarus.snowball.ext.frenchStemmer],I_p2,1
/Users/pooria/Documents/repos/SSBSE-Research-2021-replication/subjects/scripts/../components/code/snowball-stemmer/src/java/org/tartarus/snowball/ext/frenchStemmer.java,org.tartarus.snowball.ext.frenchStemmer,copy_from/1[org.tartarus.snowball.ext.frenchStemmer],I_pV,1
/Users/pooria/Documents/repos/SSBSE-Research-2021-replication/subjects/scripts/../components/code/snowball-stemmer/src/java/org/tartarus/snowball/ext/frenchStemmer.java,org.tartarus.snowball.ext.frenchStemmer,r_postlude/0,a_1,1
/Users/pooria/Documents/repos/SSBSE-Research-2021-replication/subjects/scripts/../components/code/snowball-stemmer/src/java/org/tartarus/snowball/ext/frenchStemmer.java,org.tartarus.snowball.ext.frenchStemmer,r_i_verb_suffix/0,a_5,1
/Users/pooria/Documents/repos/SSBSE-Research-2021-replication/subjects/scripts/../components/code/snowball-stemmer/src/java/org/tartarus/snowball/ext/frenchStemmer.java,org.tartarus.snowball.ext.frenchStemmer,r_i_verb_suffix/0,I_pV,2
/Users/pooria/Documents/repos/SSBSE-Research-2021-replication/subjects/scripts/../components/code/snowball-stemmer/src/java/org/tartarus/snowball/ext/frenchStemmer.java,org.tartarus.snowball.ext.frenchStemmer,r_i_verb_suffix/0,g_v,1
/Users/pooria/Documents/repos/SSBSE-Research-2021-replication/subjects/scripts/../components/code/snowball-stemmer/src/java/org/tartarus/snowball/ext/frenchStemmer.java,org.tartarus.snowball.ext.frenchStemmer,r_R2/0,I_p2,1
/Users/pooria/Documents/repos/SSBSE-Research-2021-replication/subjects/scripts/../components/code/snowball-stemmer/src/java/org/tartarus/snowball/ext/romanianStemmer.java,org.tartarus.snowball.ext.romanianStemmer,r_combo_suffix/0,a_2,1
/Users/pooria/Documents/repos/SSBSE-Research-2021-replication/subjects/scripts/../components/code/snowball-stemmer/src/java/org/tartarus/snowball/ext/romanianStemmer.java,org.tartarus.snowball.ext.romanianStemmer,r_combo_suffix/0,B_standard_suffix_removed,1
/Users/pooria/Documents/repos/SSBSE-Research-2021-replication/subjects/scripts/../components/code/snowball-stemmer/src/java/org/tartarus/snowball/ext/romanianStemmer.java,org.tartarus.snowball.ext.romanianStemmer,r_RV/0,I_pV,1
/Users/pooria/Documents/repos/SSBSE-Research-2021-replication/subjects/scripts/../components/code/snowball-stemmer/src/java/org/tartarus/snowball/ext/romanianStemmer.java,org.tartarus.snowball.ext.romanianStemmer,r_R1/0,I_p1,1
/Users/pooria/Documents/repos/SSBSE-Research-2021-replication/subjects/scripts/../components/code/snowball-stemmer/src/java/org/tartarus/snowball/ext/romanianStemmer.java,org.tartarus.snowball.ext.romanianStemmer,r_step_0/0,a_1,1
/Users/pooria/Documents/repos/SSBSE-Research-2021-replication/subjects/scripts/../components/code/snowball-stemmer/src/java/org/tartarus/snowball/ext/romanianStemmer.java,org.tartarus.snowball.ext.romanianStemmer,copy_from/1[org.tartarus.snowball.ext.romanianStemmer],I_p1,1
/Users/pooria/Documents/repos/SSBSE-Research-2021-replication/subjects/scripts/../components/code/snowball-stemmer/src/java/org/tartarus/snowball/ext/romanianStemmer.java,org.tartarus.snowball.ext.romanianStemmer,copy_from/1[org.tartarus.snowball.ext.romanianStemmer],I_p2,1
/Users/pooria/Documents/repos/SSBSE-Research-2021-replication/subjects/scripts/../components/code/snowball-stemmer/src/java/org/tartarus/snowball/ext/romanianStemmer.java,org.tartarus.snowball.ext.romanianStemmer,copy_from/1[org.tartarus.snowball.ext.romanianStemmer],B_standard_suffix_removed,1
/Users/pooria/Documents/repos/SSBSE-Research-2021-replication/subjects/scripts/../components/code/snowball-stemmer/src/java/org/tartarus/snowball/ext/romanianStemmer.java,org.tartarus.snowball.ext.romanianStemmer,copy_from/1[org.tartarus.snowball.ext.romanianStemmer],I_pV,1
/Users/pooria/Documents/repos/SSBSE-Research-2021-replication/subjects/scripts/../components/code/snowball-stemmer/src/java/org/tartarus/snowball/ext/romanianStemmer.java,org.tartarus.snowball.ext.romanianStemmer,r_vowel_suffix/0,a_5,1
/Users/pooria/Documents/repos/SSBSE-Research-2021-replication/subjects/scripts/../components/code/snowball-stemmer/src/java/org/tartarus/snowball/ext/romanianStemmer.java,org.tartarus.snowball.ext.romanianStemmer,r_prelude/0,g_v,3
/Users/pooria/Documents/repos/SSBSE-Research-2021-replication/subjects/scripts/../components/code/snowball-stemmer/src/java/org/tartarus/snowball/ext/romanianStemmer.java,org.tartarus.snowball.ext.romanianStemmer,stem/0,B_standard_suffix_removed,1
/Users/pooria/Documents/repos/SSBSE-Research-2021-replication/subjects/scripts/../components/code/snowball-stemmer/src/java/org/tartarus/snowball/ext/romanianStemmer.java,org.tartarus.snowball.ext.romanianStemmer,r_verb_suffix/0,a_4,1
/Users/pooria/Documents/repos/SSBSE-Research-2021-replication/subjects/scripts/../components/code/snowball-stemmer/src/java/org/tartarus/snowball/ext/romanianStemmer.java,org.tartarus.snowball.ext.romanianStemmer,r_verb_suffix/0,I_pV,2
/Users/pooria/Documents/repos/SSBSE-Research-2021-replication/subjects/scripts/../components/code/snowball-stemmer/src/java/org/tartarus/snowball/ext/romanianStemmer.java,org.tartarus.snowball.ext.romanianStemmer,r_verb_suffix/0,g_v,1
/Users/pooria/Documents/repos/SSBSE-Research-2021-replication/subjects/scripts/../components/code/snowball-stemmer/src/java/org/tartarus/snowball/ext/romanianStemmer.java,org.tartarus.snowball.ext.romanianStemmer,r_mark_regions/0,I_p1,2
/Users/pooria/Documents/repos/SSBSE-Research-2021-replication/subjects/scripts/../components/code/snowball-stemmer/src/java/org/tartarus/snowball/ext/romanianStemmer.java,org.tartarus.snowball.ext.romanianStemmer,r_mark_regions/0,I_p2,2
/Users/pooria/Documents/repos/SSBSE-Research-2021-replication/subjects/scripts/../components/code/snowball-stemmer/src/java/org/tartarus/snowball/ext/romanianStemmer.java,org.tartarus.snowball.ext.romanianStemmer,r_mark_regions/0,I_pV,2
/Users/pooria/Documents/repos/SSBSE-Research-2021-replication/subjects/scripts/../components/code/snowball-stemmer/src/java/org/tartarus/snowball/ext/romanianStemmer.java,org.tartarus.snowball.ext.romanianStemmer,r_mark_regions/0,g_v,13
/Users/pooria/Documents/repos/SSBSE-Research-2021-replication/subjects/scripts/../components/code/snowball-stemmer/src/java/org/tartarus/snowball/ext/romanianStemmer.java,org.tartarus.snowball.ext.romanianStemmer,r_postlude/0,a_0,1
/Users/pooria/Documents/repos/SSBSE-Research-2021-replication/subjects/scripts/../components/code/snowball-stemmer/src/java/org/tartarus/snowball/ext/romanianStemmer.java,org.tartarus.snowball.ext.romanianStemmer,r_R2/0,I_p2,1
/Users/pooria/Documents/repos/SSBSE-Research-2021-replication/subjects/scripts/../components/code/snowball-stemmer/src/java/org/tartarus/snowball/ext/romanianStemmer.java,org.tartarus.snowball.ext.romanianStemmer,r_standard_suffix/0,a_3,1
/Users/pooria/Documents/repos/SSBSE-Research-2021-replication/subjects/scripts/../components/code/snowball-stemmer/src/java/org/tartarus/snowball/ext/romanianStemmer.java,org.tartarus.snowball.ext.romanianStemmer,r_standard_suffix/0,B_standard_suffix_removed,2
/Users/pooria/Documents/repos/SSBSE-Research-2021-replication/subjects/scripts/../components/code/snowball-stemmer/src/java/org/tartarus/snowball/ext/finnishStemmer.java,org.tartarus.snowball.ext.finnishStemmer,r_VI/0,g_V2,1
/Users/pooria/Documents/repos/SSBSE-Research-2021-replication/subjects/scripts/../components/code/snowball-stemmer/src/java/org/tartarus/snowball/ext/finnishStemmer.java,org.tartarus.snowball.ext.finnishStemmer,r_possessive/0,a_1,1
/Users/pooria/Documents/repos/SSBSE-Research-2021-replication/subjects/scripts/../components/code/snowball-stemmer/src/java/org/tartarus/snowball/ext/finnishStemmer.java,org.tartarus.snowball.ext.finnishStemmer,r_possessive/0,a_3,1
/Users/pooria/Documents/repos/SSBSE-Research-2021-replication/subjects/scripts/../components/code/snowball-stemmer/src/java/org/tartarus/snowball/ext/finnishStemmer.java,org.tartarus.snowball.ext.finnishStemmer,r_possessive/0,I_p1,2
/Users/pooria/Documents/repos/SSBSE-Research-2021-replication/subjects/scripts/../components/code/snowball-stemmer/src/java/org/tartarus/snowball/ext/finnishStemmer.java,org.tartarus.snowball.ext.finnishStemmer,r_possessive/0,a_2,1
/Users/pooria/Documents/repos/SSBSE-Research-2021-replication/subjects/scripts/../components/code/snowball-stemmer/src/java/org/tartarus/snowball/ext/finnishStemmer.java,org.tartarus.snowball.ext.finnishStemmer,r_possessive/0,a_4,1
/Users/pooria/Documents/repos/SSBSE-Research-2021-replication/subjects/scripts/../components/code/snowball-stemmer/src/java/org/tartarus/snowball/ext/finnishStemmer.java,org.tartarus.snowball.ext.finnishStemmer,r_case_ending/0,g_V1,2
/Users/pooria/Documents/repos/SSBSE-Research-2021-replication/subjects/scripts/../components/code/snowball-stemmer/src/java/org/tartarus/snowball/ext/finnishStemmer.java,org.tartarus.snowball.ext.finnishStemmer,r_case_ending/0,B_ending_removed,1
/Users/pooria/Documents/repos/SSBSE-Research-2021-replication/subjects/scripts/../components/code/snowball-stemmer/src/java/org/tartarus/snowball/ext/finnishStemmer.java,org.tartarus.snowball.ext.finnishStemmer,r_case_ending/0,I_p1,2
/Users/pooria/Documents/repos/SSBSE-Research-2021-replication/subjects/scripts/../components/code/snowball-stemmer/src/java/org/tartarus/snowball/ext/finnishStemmer.java,org.tartarus.snowball.ext.finnishStemmer,r_case_ending/0,a_6,1
/Users/pooria/Documents/repos/SSBSE-Research-2021-replication/subjects/scripts/../components/code/snowball-stemmer/src/java/org/tartarus/snowball/ext/finnishStemmer.java,org.tartarus.snowball.ext.finnishStemmer,r_LONG/0,a_5,1
/Users/pooria/Documents/repos/SSBSE-Research-2021-replication/subjects/scripts/../components/code/snowball-stemmer/src/java/org/tartarus/snowball/ext/finnishStemmer.java,org.tartarus.snowball.ext.finnishStemmer,stem/0,B_ending_removed,2
/Users/pooria/Documents/repos/SSBSE-Research-2021-replication/subjects/scripts/../components/code/snowball-stemmer/src/java/org/tartarus/snowball/ext/finnishStemmer.java,org.tartarus.snowball.ext.finnishStemmer,r_mark_regions/0,g_V1,4
/Users/pooria/Documents/repos/SSBSE-Research-2021-replication/subjects/scripts/../components/code/snowball-stemmer/src/java/org/tartarus/snowball/ext/finnishStemmer.java,org.tartarus.snowball.ext.finnishStemmer,r_mark_regions/0,I_p1,2
/Users/pooria/Documents/repos/SSBSE-Research-2021-replication/subjects/scripts/../components/code/snowball-stemmer/src/java/org/tartarus/snowball/ext/finnishStemmer.java,org.tartarus.snowball.ext.finnishStemmer,r_mark_regions/0,I_p2,2
/Users/pooria/Documents/repos/SSBSE-Research-2021-replication/subjects/scripts/../components/code/snowball-stemmer/src/java/org/tartarus/snowball/ext/finnishStemmer.java,org.tartarus.snowball.ext.finnishStemmer,r_other_endings/0,a_7,1
/Users/pooria/Documents/repos/SSBSE-Research-2021-replication/subjects/scripts/../components/code/snowball-stemmer/src/java/org/tartarus/snowball/ext/finnishStemmer.java,org.tartarus.snowball.ext.finnishStemmer,r_other_endings/0,I_p2,2
/Users/pooria/Documents/repos/SSBSE-Research-2021-replication/subjects/scripts/../components/code/snowball-stemmer/src/java/org/tartarus/snowball/ext/finnishStemmer.java,org.tartarus.snowball.ext.finnishStemmer,r_particle_etc/0,a_0,1
/Users/pooria/Documents/repos/SSBSE-Research-2021-replication/subjects/scripts/../components/code/snowball-stemmer/src/java/org/tartarus/snowball/ext/finnishStemmer.java,org.tartarus.snowball.ext.finnishStemmer,r_particle_etc/0,I_p1,2
/Users/pooria/Documents/repos/SSBSE-Research-2021-replication/subjects/scripts/../components/code/snowball-stemmer/src/java/org/tartarus/snowball/ext/finnishStemmer.java,org.tartarus.snowball.ext.finnishStemmer,r_particle_etc/0,g_particle_end,1
/Users/pooria/Documents/repos/SSBSE-Research-2021-replication/subjects/scripts/../components/code/snowball-stemmer/src/java/org/tartarus/snowball/ext/finnishStemmer.java,org.tartarus.snowball.ext.finnishStemmer,r_R2/0,I_p2,1
/Users/pooria/Documents/repos/SSBSE-Research-2021-replication/subjects/scripts/../components/code/snowball-stemmer/src/java/org/tartarus/snowball/ext/finnishStemmer.java,org.tartarus.snowball.ext.finnishStemmer,r_i_plural/0,I_p1,2
/Users/pooria/Documents/repos/SSBSE-Research-2021-replication/subjects/scripts/../components/code/snowball-stemmer/src/java/org/tartarus/snowball/ext/finnishStemmer.java,org.tartarus.snowball.ext.finnishStemmer,r_i_plural/0,a_8,1
/Users/pooria/Documents/repos/SSBSE-Research-2021-replication/subjects/scripts/../components/code/snowball-stemmer/src/java/org/tartarus/snowball/ext/finnishStemmer.java,org.tartarus.snowball.ext.finnishStemmer,copy_from/1[org.tartarus.snowball.ext.finnishStemmer],B_ending_removed,1
/Users/pooria/Documents/repos/SSBSE-Research-2021-replication/subjects/scripts/../components/code/snowball-stemmer/src/java/org/tartarus/snowball/ext/finnishStemmer.java,org.tartarus.snowball.ext.finnishStemmer,copy_from/1[org.tartarus.snowball.ext.finnishStemmer],I_p1,1
/Users/pooria/Documents/repos/SSBSE-Research-2021-replication/subjects/scripts/../components/code/snowball-stemmer/src/java/org/tartarus/snowball/ext/finnishStemmer.java,org.tartarus.snowball.ext.finnishStemmer,copy_from/1[org.tartarus.snowball.ext.finnishStemmer],I_p2,1
/Users/pooria/Documents/repos/SSBSE-Research-2021-replication/subjects/scripts/../components/code/snowball-stemmer/src/java/org/tartarus/snowball/ext/finnishStemmer.java,org.tartarus.snowball.ext.finnishStemmer,copy_from/1[org.tartarus.snowball.ext.finnishStemmer],S_x,1
/Users/pooria/Documents/repos/SSBSE-Research-2021-replication/subjects/scripts/../components/code/snowball-stemmer/src/java/org/tartarus/snowball/ext/finnishStemmer.java,org.tartarus.snowball.ext.finnishStemmer,r_t_plural/0,g_V1,1
/Users/pooria/Documents/repos/SSBSE-Research-2021-replication/subjects/scripts/../components/code/snowball-stemmer/src/java/org/tartarus/snowball/ext/finnishStemmer.java,org.tartarus.snowball.ext.finnishStemmer,r_t_plural/0,I_p1,2
/Users/pooria/Documents/repos/SSBSE-Research-2021-replication/subjects/scripts/../components/code/snowball-stemmer/src/java/org/tartarus/snowball/ext/finnishStemmer.java,org.tartarus.snowball.ext.finnishStemmer,r_t_plural/0,I_p2,2
/Users/pooria/Documents/repos/SSBSE-Research-2021-replication/subjects/scripts/../components/code/snowball-stemmer/src/java/org/tartarus/snowball/ext/finnishStemmer.java,org.tartarus.snowball.ext.finnishStemmer,r_t_plural/0,a_9,1
/Users/pooria/Documents/repos/SSBSE-Research-2021-replication/subjects/scripts/../components/code/snowball-stemmer/src/java/org/tartarus/snowball/ext/finnishStemmer.java,org.tartarus.snowball.ext.finnishStemmer,r_tidy/0,g_V1,2
/Users/pooria/Documents/repos/SSBSE-Research-2021-replication/subjects/scripts/../components/code/snowball-stemmer/src/java/org/tartarus/snowball/ext/finnishStemmer.java,org.tartarus.snowball.ext.finnishStemmer,r_tidy/0,I_p1,2
/Users/pooria/Documents/repos/SSBSE-Research-2021-replication/subjects/scripts/../components/code/snowball-stemmer/src/java/org/tartarus/snowball/ext/finnishStemmer.java,org.tartarus.snowball.ext.finnishStemmer,r_tidy/0,g_AEI,1
/Users/pooria/Documents/repos/SSBSE-Research-2021-replication/subjects/scripts/../components/code/snowball-stemmer/src/java/org/tartarus/snowball/ext/finnishStemmer.java,org.tartarus.snowball.ext.finnishStemmer,r_tidy/0,S_x,3
/Users/pooria/Documents/repos/SSBSE-Research-2021-replication/subjects/scripts/../components/code/snowball-stemmer/src/java/org/tartarus/snowball/ext/turkishStemmer.java,org.tartarus.snowball.ext.turkishStemmer,r_mark_DA/0,a_6,1
/Users/pooria/Documents/repos/SSBSE-Research-2021-replication/subjects/scripts/../components/code/snowball-stemmer/src/java/org/tartarus/snowball/ext/turkishStemmer.java,org.tartarus.snowball.ext.turkishStemmer,r_mark_sU/0,g_U,1
/Users/pooria/Documents/repos/SSBSE-Research-2021-replication/subjects/scripts/../components/code/snowball-stemmer/src/java/org/tartarus/snowball/ext/turkishStemmer.java,org.tartarus.snowball.ext.turkishStemmer,r_mark_ymUs_/0,a_22,1
/Users/pooria/Documents/repos/SSBSE-Research-2021-replication/subjects/scripts/../components/code/snowball-stemmer/src/java/org/tartarus/snowball/ext/turkishStemmer.java,org.tartarus.snowball.ext.turkishStemmer,r_mark_ndA/0,a_7,1
/Users/pooria/Documents/repos/SSBSE-Research-2021-replication/subjects/scripts/../components/code/snowball-stemmer/src/java/org/tartarus/snowball/ext/turkishStemmer.java,org.tartarus.snowball.ext.turkishStemmer,r_is_reserved_word/0,I_strlen,4
/Users/pooria/Documents/repos/SSBSE-Research-2021-replication/subjects/scripts/../components/code/snowball-stemmer/src/java/org/tartarus/snowball/ext/turkishStemmer.java,org.tartarus.snowball.ext.turkishStemmer,r_mark_suffix_with_optional_s_consonant/0,g_vowel,2
/Users/pooria/Documents/repos/SSBSE-Research-2021-replication/subjects/scripts/../components/code/snowball-stemmer/src/java/org/tartarus/snowball/ext/turkishStemmer.java,org.tartarus.snowball.ext.turkishStemmer,r_mark_nUz/0,a_17,1
/Users/pooria/Documents/repos/SSBSE-Research-2021-replication/subjects/scripts/../components/code/snowball-stemmer/src/java/org/tartarus/snowball/ext/turkishStemmer.java,org.tartarus.snowball.ext.turkishStemmer,stem/0,B_continue_stemming_noun_suffixes,1
/Users/pooria/Documents/repos/SSBSE-Research-2021-replication/subjects/scripts/../components/code/snowball-stemmer/src/java/org/tartarus/snowball/ext/turkishStemmer.java,org.tartarus.snowball.ext.turkishStemmer,r_mark_ysA/0,a_21,1
/Users/pooria/Documents/repos/SSBSE-Research-2021-replication/subjects/scripts/../components/code/snowball-stemmer/src/java/org/tartarus/snowball/ext/turkishStemmer.java,org.tartarus.snowball.ext.turkishStemmer,r_mark_DAn/0,a_8,1
/Users/pooria/Documents/repos/SSBSE-Research-2021-replication/subjects/scripts/../components/code/snowball-stemmer/src/java/org/tartarus/snowball/ext/turkishStemmer.java,org.tartarus.snowball.ext.turkishStemmer,r_mark_cAsInA/0,a_19,1
/Users/pooria/Documents/repos/SSBSE-Research-2021-replication/subjects/scripts/../components/code/snowball-stemmer/src/java/org/tartarus/snowball/ext/turkishStemmer.java,org.tartarus.snowball.ext.turkishStemmer,r_append_U_to_stems_ending_with_d_or_g/0,g_vowel,4
/Users/pooria/Documents/repos/SSBSE-Research-2021-replication/subjects/scripts/../components/code/snowball-stemmer/src/java/org/tartarus/snowball/ext/turkishStemmer.java,org.tartarus.snowball.ext.turkishStemmer,r_mark_nU/0,a_2,1
/Users/pooria/Documents/repos/SSBSE-Research-2021-replication/subjects/scripts/../components/code/snowball-stemmer/src/java/org/tartarus/snowball/ext/turkishStemmer.java,org.tartarus.snowball.ext.turkishStemmer,r_check_vowel_harmony/0,g_vowel5,2
/Users/pooria/Documents/repos/SSBSE-Research-2021-replication/subjects/scripts/../components/code/snowball-stemmer/src/java/org/tartarus/snowball/ext/turkishStemmer.java,org.tartarus.snowball.ext.turkishStemmer,r_check_vowel_harmony/0,g_vowel6,2
/Users/pooria/Documents/repos/SSBSE-Research-2021-replication/subjects/scripts/../components/code/snowball-stemmer/src/java/org/tartarus/snowball/ext/turkishStemmer.java,org.tartarus.snowball.ext.turkishStemmer,r_check_vowel_harmony/0,g_vowel,1
/Users/pooria/Documents/repos/SSBSE-Research-2021-replication/subjects/scripts/../components/code/snowball-stemmer/src/java/org/tartarus/snowball/ext/turkishStemmer.java,org.tartarus.snowball.ext.turkishStemmer,r_check_vowel_harmony/0,g_vowel1,1
/Users/pooria/Documents/repos/SSBSE-Research-2021-replication/subjects/scripts/../components/code/snowball-stemmer/src/java/org/tartarus/snowball/ext/turkishStemmer.java,org.tartarus.snowball.ext.turkishStemmer,r_check_vowel_harmony/0,g_vowel2,1
/Users/pooria/Documents/repos/SSBSE-Research-2021-replication/subjects/scripts/../components/code/snowball-stemmer/src/java/org/tartarus/snowball/ext/turkishStemmer.java,org.tartarus.snowball.ext.turkishStemmer,r_check_vowel_harmony/0,g_vowel3,1
/Users/pooria/Documents/repos/SSBSE-Research-2021-replication/subjects/scripts/../components/code/snowball-stemmer/src/java/org/tartarus/snowball/ext/turkishStemmer.java,org.tartarus.snowball.ext.turkishStemmer,r_check_vowel_harmony/0,g_vowel4,1
/Users/pooria/Documents/repos/SSBSE-Research-2021-replication/subjects/scripts/../components/code/snowball-stemmer/src/java/org/tartarus/snowball/ext/turkishStemmer.java,org.tartarus.snowball.ext.turkishStemmer,r_mark_ylA/0,a_10,1
/Users/pooria/Documents/repos/SSBSE-Research-2021-replication/subjects/scripts/../components/code/snowball-stemmer/src/java/org/tartarus/snowball/ext/turkishStemmer.java,org.tartarus.snowball.ext.turkishStemmer,r_mark_suffix_with_optional_y_consonant/0,g_vowel,2
/Users/pooria/Documents/repos/SSBSE-Research-2021-replication/subjects/scripts/../components/code/snowball-stemmer/src/java/org/tartarus/snowball/ext/turkishStemmer.java,org.tartarus.snowball.ext.turkishStemmer,r_mark_yUm/0,a_12,1
/Users/pooria/Documents/repos/SSBSE-Research-2021-replication/subjects/scripts/../components/code/snowball-stemmer/src/java/org/tartarus/snowball/ext/turkishStemmer.java,org.tartarus.snowball.ext.turkishStemmer,r_mark_suffix_with_optional_U_vowel/0,g_U,2
/Users/pooria/Documents/repos/SSBSE-Research-2021-replication/subjects/scripts/../components/code/snowball-stemmer/src/java/org/tartarus/snowball/ext/turkishStemmer.java,org.tartarus.snowball.ext.turkishStemmer,r_mark_suffix_with_optional_U_vowel/0,g_vowel,2
/Users/pooria/Documents/repos/SSBSE-Research-2021-replication/subjects/scripts/../components/code/snowball-stemmer/src/java/org/tartarus/snowball/ext/turkishStemmer.java,org.tartarus.snowball.ext.turkishStemmer,r_mark_lAr/0,a_16,1
/Users/pooria/Documents/repos/SSBSE-Research-2021-replication/subjects/scripts/../components/code/snowball-stemmer/src/java/org/tartarus/snowball/ext/turkishStemmer.java,org.tartarus.snowball.ext.turkishStemmer,r_mark_sUn/0,a_13,1
/Users/pooria/Documents/repos/SSBSE-Research-2021-replication/subjects/scripts/../components/code/snowball-stemmer/src/java/org/tartarus/snowball/ext/turkishStemmer.java,org.tartarus.snowball.ext.turkishStemmer,r_mark_ncA/0,a_11,1
/Users/pooria/Documents/repos/SSBSE-Research-2021-replication/subjects/scripts/../components/code/snowball-stemmer/src/java/org/tartarus/snowball/ext/turkishStemmer.java,org.tartarus.snowball.ext.turkishStemmer,r_more_than_one_syllable_word/0,g_vowel,1
/Users/pooria/Documents/repos/SSBSE-Research-2021-replication/subjects/scripts/../components/code/snowball-stemmer/src/java/org/tartarus/snowball/ext/turkishStemmer.java,org.tartarus.snowball.ext.turkishStemmer,r_stem_nominal_verb_suffixes/0,B_continue_stemming_noun_suffixes,2
/Users/pooria/Documents/repos/SSBSE-Research-2021-replication/subjects/scripts/../components/code/snowball-stemmer/src/java/org/tartarus/snowball/ext/turkishStemmer.java,org.tartarus.snowball.ext.turkishStemmer,r_mark_yUz/0,a_14,1
/Users/pooria/Documents/repos/SSBSE-Research-2021-replication/subjects/scripts/../components/code/snowball-stemmer/src/java/org/tartarus/snowball/ext/turkishStemmer.java,org.tartarus.snowball.ext.turkishStemmer,r_mark_suffix_with_optional_n_consonant/0,g_vowel,2
/Users/pooria/Documents/repos/SSBSE-Research-2021-replication/subjects/scripts/../components/code/snowball-stemmer/src/java/org/tartarus/snowball/ext/turkishStemmer.java,org.tartarus.snowball.ext.turkishStemmer,r_mark_yA/0,a_4,1
/Users/pooria/Documents/repos/SSBSE-Research-2021-replication/subjects/scripts/../components/code/snowball-stemmer/src/java/org/tartarus/snowball/ext/turkishStemmer.java,org.tartarus.snowball.ext.turkishStemmer,copy_from/1[org.tartarus.snowball.ext.turkishStemmer],I_strlen,1
/Users/pooria/Documents/repos/SSBSE-Research-2021-replication/subjects/scripts/../components/code/snowball-stemmer/src/java/org/tartarus/snowball/ext/turkishStemmer.java,org.tartarus.snowball.ext.turkishStemmer,copy_from/1[org.tartarus.snowball.ext.turkishStemmer],B_continue_stemming_noun_suffixes,1
/Users/pooria/Documents/repos/SSBSE-Research-2021-replication/subjects/scripts/../components/code/snowball-stemmer/src/java/org/tartarus/snowball/ext/turkishStemmer.java,org.tartarus.snowball.ext.turkishStemmer,r_mark_ndAn/0,a_9,1
/Users/pooria/Documents/repos/SSBSE-Research-2021-replication/subjects/scripts/../components/code/snowball-stemmer/src/java/org/tartarus/snowball/ext/turkishStemmer.java,org.tartarus.snowball.ext.turkishStemmer,r_mark_yDU/0,a_20,1
/Users/pooria/Documents/repos/SSBSE-Research-2021-replication/subjects/scripts/../components/code/snowball-stemmer/src/java/org/tartarus/snowball/ext/turkishStemmer.java,org.tartarus.snowball.ext.turkishStemmer,r_post_process_last_consonants/0,a_23,1
/Users/pooria/Documents/repos/SSBSE-Research-2021-replication/subjects/scripts/../components/code/snowball-stemmer/src/java/org/tartarus/snowball/ext/turkishStemmer.java,org.tartarus.snowball.ext.turkishStemmer,r_mark_lArI/0,a_1,1
/Users/pooria/Documents/repos/SSBSE-Research-2021-replication/subjects/scripts/../components/code/snowball-stemmer/src/java/org/tartarus/snowball/ext/turkishStemmer.java,org.tartarus.snowball.ext.turkishStemmer,r_mark_yU/0,g_U,1
/Users/pooria/Documents/repos/SSBSE-Research-2021-replication/subjects/scripts/../components/code/snowball-stemmer/src/java/org/tartarus/snowball/ext/turkishStemmer.java,org.tartarus.snowball.ext.turkishStemmer,r_mark_DUr/0,a_18,1
/Users/pooria/Documents/repos/SSBSE-Research-2021-replication/subjects/scripts/../components/code/snowball-stemmer/src/java/org/tartarus/snowball/ext/turkishStemmer.java,org.tartarus.snowball.ext.turkishStemmer,r_mark_possessives/0,a_0,1
/Users/pooria/Documents/repos/SSBSE-Research-2021-replication/subjects/scripts/../components/code/snowball-stemmer/src/java/org/tartarus/snowball/ext/turkishStemmer.java,org.tartarus.snowball.ext.turkishStemmer,r_mark_nA/0,a_5,1
/Users/pooria/Documents/repos/SSBSE-Research-2021-replication/subjects/scripts/../components/code/snowball-stemmer/src/java/org/tartarus/snowball/ext/turkishStemmer.java,org.tartarus.snowball.ext.turkishStemmer,r_mark_sUnUz/0,a_15,1
/Users/pooria/Documents/repos/SSBSE-Research-2021-replication/subjects/scripts/../components/code/snowball-stemmer/src/java/org/tartarus/snowball/ext/turkishStemmer.java,org.tartarus.snowball.ext.turkishStemmer,r_mark_nUn/0,a_3,1
/Users/pooria/Documents/repos/SSBSE-Research-2021-replication/subjects/scripts/../components/code/snowball-stemmer/src/java/org/tartarus/snowball/ext/spanishStemmer.java,org.tartarus.snowball.ext.spanishStemmer,r_attached_pronoun/0,a_1,1
/Users/pooria/Documents/repos/SSBSE-Research-2021-replication/subjects/scripts/../components/code/snowball-stemmer/src/java/org/tartarus/snowball/ext/spanishStemmer.java,org.tartarus.snowball.ext.spanishStemmer,r_attached_pronoun/0,a_2,1
/Users/pooria/Documents/repos/SSBSE-Research-2021-replication/subjects/scripts/../components/code/snowball-stemmer/src/java/org/tartarus/snowball/ext/spanishStemmer.java,org.tartarus.snowball.ext.spanishStemmer,copy_from/1[org.tartarus.snowball.ext.spanishStemmer],I_p1,1
/Users/pooria/Documents/repos/SSBSE-Research-2021-replication/subjects/scripts/../components/code/snowball-stemmer/src/java/org/tartarus/snowball/ext/spanishStemmer.java,org.tartarus.snowball.ext.spanishStemmer,copy_from/1[org.tartarus.snowball.ext.spanishStemmer],I_p2,1
/Users/pooria/Documents/repos/SSBSE-Research-2021-replication/subjects/scripts/../components/code/snowball-stemmer/src/java/org/tartarus/snowball/ext/spanishStemmer.java,org.tartarus.snowball.ext.spanishStemmer,copy_from/1[org.tartarus.snowball.ext.spanishStemmer],I_pV,1
/Users/pooria/Documents/repos/SSBSE-Research-2021-replication/subjects/scripts/../components/code/snowball-stemmer/src/java/org/tartarus/snowball/ext/spanishStemmer.java,org.tartarus.snowball.ext.spanishStemmer,r_residual_suffix/0,a_9,1
/Users/pooria/Documents/repos/SSBSE-Research-2021-replication/subjects/scripts/../components/code/snowball-stemmer/src/java/org/tartarus/snowball/ext/spanishStemmer.java,org.tartarus.snowball.ext.spanishStemmer,r_R2/0,I_p2,1
/Users/pooria/Documents/repos/SSBSE-Research-2021-replication/subjects/scripts/../components/code/snowball-stemmer/src/java/org/tartarus/snowball/ext/spanishStemmer.java,org.tartarus.snowball.ext.spanishStemmer,r_RV/0,I_pV,1
/Users/pooria/Documents/repos/SSBSE-Research-2021-replication/subjects/scripts/../components/code/snowball-stemmer/src/java/org/tartarus/snowball/ext/spanishStemmer.java,org.tartarus.snowball.ext.spanishStemmer,r_standard_suffix/0,a_3,1
/Users/pooria/Documents/repos/SSBSE-Research-2021-replication/subjects/scripts/../components/code/snowball-stemmer/src/java/org/tartarus/snowball/ext/spanishStemmer.java,org.tartarus.snowball.ext.spanishStemmer,r_standard_suffix/0,a_5,1
/Users/pooria/Documents/repos/SSBSE-Research-2021-replication/subjects/scripts/../components/code/snowball-stemmer/src/java/org/tartarus/snowball/ext/spanishStemmer.java,org.tartarus.snowball.ext.spanishStemmer,r_standard_suffix/0,a_4,1
/Users/pooria/Documents/repos/SSBSE-Research-2021-replication/subjects/scripts/../components/code/snowball-stemmer/src/java/org/tartarus/snowball/ext/spanishStemmer.java,org.tartarus.snowball.ext.spanishStemmer,r_standard_suffix/0,a_6,1
/Users/pooria/Documents/repos/SSBSE-Research-2021-replication/subjects/scripts/../components/code/snowball-stemmer/src/java/org/tartarus/snowball/ext/spanishStemmer.java,org.tartarus.snowball.ext.spanishStemmer,r_postlude/0,a_0,1
/Users/pooria/Documents/repos/SSBSE-Research-2021-replication/subjects/scripts/../components/code/snowball-stemmer/src/java/org/tartarus/snowball/ext/spanishStemmer.java,org.tartarus.snowball.ext.spanishStemmer,r_R1/0,I_p1,1
/Users/pooria/Documents/repos/SSBSE-Research-2021-replication/subjects/scripts/../components/code/snowball-stemmer/src/java/org/tartarus/snowball/ext/spanishStemmer.java,org.tartarus.snowball.ext.spanishStemmer,r_y_verb_suffix/0,a_7,1
/Users/pooria/Documents/repos/SSBSE-Research-2021-replication/subjects/scripts/../components/code/snowball-stemmer/src/java/org/tartarus/snowball/ext/spanishStemmer.java,org.tartarus.snowball.ext.spanishStemmer,r_y_verb_suffix/0,I_pV,2
/Users/pooria/Documents/repos/SSBSE-Research-2021-replication/subjects/scripts/../components/code/snowball-stemmer/src/java/org/tartarus/snowball/ext/spanishStemmer.java,org.tartarus.snowball.ext.spanishStemmer,r_mark_regions/0,I_p1,2
/Users/pooria/Documents/repos/SSBSE-Research-2021-replication/subjects/scripts/../components/code/snowball-stemmer/src/java/org/tartarus/snowball/ext/spanishStemmer.java,org.tartarus.snowball.ext.spanishStemmer,r_mark_regions/0,I_p2,2
/Users/pooria/Documents/repos/SSBSE-Research-2021-replication/subjects/scripts/../components/code/snowball-stemmer/src/java/org/tartarus/snowball/ext/spanishStemmer.java,org.tartarus.snowball.ext.spanishStemmer,r_mark_regions/0,I_pV,2
/Users/pooria/Documents/repos/SSBSE-Research-2021-replication/subjects/scripts/../components/code/snowball-stemmer/src/java/org/tartarus/snowball/ext/spanishStemmer.java,org.tartarus.snowball.ext.spanishStemmer,r_mark_regions/0,g_v,13
/Users/pooria/Documents/repos/SSBSE-Research-2021-replication/subjects/scripts/../components/code/snowball-stemmer/src/java/org/tartarus/snowball/ext/spanishStemmer.java,org.tartarus.snowball.ext.spanishStemmer,r_verb_suffix/0,a_8,1
/Users/pooria/Documents/repos/SSBSE-Research-2021-replication/subjects/scripts/../components/code/snowball-stemmer/src/java/org/tartarus/snowball/ext/spanishStemmer.java,org.tartarus.snowball.ext.spanishStemmer,r_verb_suffix/0,I_pV,2
/Users/pooria/Documents/repos/SSBSE-Research-2021-replication/subjects/scripts/../components/code/snowball-stemmer/src/java/org/tartarus/snowball/ext/swedishStemmer.java,org.tartarus.snowball.ext.swedishStemmer,copy_from/1[org.tartarus.snowball.ext.swedishStemmer],I_x,1
/Users/pooria/Documents/repos/SSBSE-Research-2021-replication/subjects/scripts/../components/code/snowball-stemmer/src/java/org/tartarus/snowball/ext/swedishStemmer.java,org.tartarus.snowball.ext.swedishStemmer,copy_from/1[org.tartarus.snowball.ext.swedishStemmer],I_p1,1
/Users/pooria/Documents/repos/SSBSE-Research-2021-replication/subjects/scripts/../components/code/snowball-stemmer/src/java/org/tartarus/snowball/ext/swedishStemmer.java,org.tartarus.snowball.ext.swedishStemmer,r_mark_regions/0,I_x,3
/Users/pooria/Documents/repos/SSBSE-Research-2021-replication/subjects/scripts/../components/code/snowball-stemmer/src/java/org/tartarus/snowball/ext/swedishStemmer.java,org.tartarus.snowball.ext.swedishStemmer,r_mark_regions/0,I_p1,4
/Users/pooria/Documents/repos/SSBSE-Research-2021-replication/subjects/scripts/../components/code/snowball-stemmer/src/java/org/tartarus/snowball/ext/swedishStemmer.java,org.tartarus.snowball.ext.swedishStemmer,r_mark_regions/0,g_v,2
/Users/pooria/Documents/repos/SSBSE-Research-2021-replication/subjects/scripts/../components/code/snowball-stemmer/src/java/org/tartarus/snowball/ext/swedishStemmer.java,org.tartarus.snowball.ext.swedishStemmer,r_consonant_pair/0,a_1,1
/Users/pooria/Documents/repos/SSBSE-Research-2021-replication/subjects/scripts/../components/code/snowball-stemmer/src/java/org/tartarus/snowball/ext/swedishStemmer.java,org.tartarus.snowball.ext.swedishStemmer,r_consonant_pair/0,I_p1,2
/Users/pooria/Documents/repos/SSBSE-Research-2021-replication/subjects/scripts/../components/code/snowball-stemmer/src/java/org/tartarus/snowball/ext/swedishStemmer.java,org.tartarus.snowball.ext.swedishStemmer,r_main_suffix/0,a_0,1
/Users/pooria/Documents/repos/SSBSE-Research-2021-replication/subjects/scripts/../components/code/snowball-stemmer/src/java/org/tartarus/snowball/ext/swedishStemmer.java,org.tartarus.snowball.ext.swedishStemmer,r_main_suffix/0,g_s_ending,1
/Users/pooria/Documents/repos/SSBSE-Research-2021-replication/subjects/scripts/../components/code/snowball-stemmer/src/java/org/tartarus/snowball/ext/swedishStemmer.java,org.tartarus.snowball.ext.swedishStemmer,r_main_suffix/0,I_p1,2
/Users/pooria/Documents/repos/SSBSE-Research-2021-replication/subjects/scripts/../components/code/snowball-stemmer/src/java/org/tartarus/snowball/ext/swedishStemmer.java,org.tartarus.snowball.ext.swedishStemmer,r_other_suffix/0,I_p1,2
/Users/pooria/Documents/repos/SSBSE-Research-2021-replication/subjects/scripts/../components/code/snowball-stemmer/src/java/org/tartarus/snowball/ext/swedishStemmer.java,org.tartarus.snowball.ext.swedishStemmer,r_other_suffix/0,a_2,1
/Users/pooria/Documents/repos/SSBSE-Research-2021-replication/subjects/scripts/../components/code/snowball-stemmer/src/java/org/tartarus/snowball/ext/danishStemmer.java,org.tartarus.snowball.ext.danishStemmer,r_mark_regions/0,I_x,3
/Users/pooria/Documents/repos/SSBSE-Research-2021-replication/subjects/scripts/../components/code/snowball-stemmer/src/java/org/tartarus/snowball/ext/danishStemmer.java,org.tartarus.snowball.ext.danishStemmer,r_mark_regions/0,I_p1,4
/Users/pooria/Documents/repos/SSBSE-Research-2021-replication/subjects/scripts/../components/code/snowball-stemmer/src/java/org/tartarus/snowball/ext/danishStemmer.java,org.tartarus.snowball.ext.danishStemmer,r_mark_regions/0,g_v,2
/Users/pooria/Documents/repos/SSBSE-Research-2021-replication/subjects/scripts/../components/code/snowball-stemmer/src/java/org/tartarus/snowball/ext/danishStemmer.java,org.tartarus.snowball.ext.danishStemmer,r_main_suffix/0,a_0,1
/Users/pooria/Documents/repos/SSBSE-Research-2021-replication/subjects/scripts/../components/code/snowball-stemmer/src/java/org/tartarus/snowball/ext/danishStemmer.java,org.tartarus.snowball.ext.danishStemmer,r_main_suffix/0,g_s_ending,1
/Users/pooria/Documents/repos/SSBSE-Research-2021-replication/subjects/scripts/../components/code/snowball-stemmer/src/java/org/tartarus/snowball/ext/danishStemmer.java,org.tartarus.snowball.ext.danishStemmer,r_main_suffix/0,I_p1,2
/Users/pooria/Documents/repos/SSBSE-Research-2021-replication/subjects/scripts/../components/code/snowball-stemmer/src/java/org/tartarus/snowball/ext/danishStemmer.java,org.tartarus.snowball.ext.danishStemmer,copy_from/1[org.tartarus.snowball.ext.danishStemmer],I_x,1
/Users/pooria/Documents/repos/SSBSE-Research-2021-replication/subjects/scripts/../components/code/snowball-stemmer/src/java/org/tartarus/snowball/ext/danishStemmer.java,org.tartarus.snowball.ext.danishStemmer,copy_from/1[org.tartarus.snowball.ext.danishStemmer],I_p1,1
/Users/pooria/Documents/repos/SSBSE-Research-2021-replication/subjects/scripts/../components/code/snowball-stemmer/src/java/org/tartarus/snowball/ext/danishStemmer.java,org.tartarus.snowball.ext.danishStemmer,copy_from/1[org.tartarus.snowball.ext.danishStemmer],S_ch,1
/Users/pooria/Documents/repos/SSBSE-Research-2021-replication/subjects/scripts/../components/code/snowball-stemmer/src/java/org/tartarus/snowball/ext/danishStemmer.java,org.tartarus.snowball.ext.danishStemmer,r_other_suffix/0,I_p1,2
/Users/pooria/Documents/repos/SSBSE-Research-2021-replication/subjects/scripts/../components/code/snowball-stemmer/src/java/org/tartarus/snowball/ext/danishStemmer.java,org.tartarus.snowball.ext.danishStemmer,r_other_suffix/0,a_2,1
/Users/pooria/Documents/repos/SSBSE-Research-2021-replication/subjects/scripts/../components/code/snowball-stemmer/src/java/org/tartarus/snowball/ext/danishStemmer.java,org.tartarus.snowball.ext.danishStemmer,r_undouble/0,I_p1,2
/Users/pooria/Documents/repos/SSBSE-Research-2021-replication/subjects/scripts/../components/code/snowball-stemmer/src/java/org/tartarus/snowball/ext/danishStemmer.java,org.tartarus.snowball.ext.danishStemmer,r_undouble/0,S_ch,3
/Users/pooria/Documents/repos/SSBSE-Research-2021-replication/subjects/scripts/../components/code/snowball-stemmer/src/java/org/tartarus/snowball/ext/danishStemmer.java,org.tartarus.snowball.ext.danishStemmer,r_undouble/0,g_v,1
/Users/pooria/Documents/repos/SSBSE-Research-2021-replication/subjects/scripts/../components/code/snowball-stemmer/src/java/org/tartarus/snowball/ext/danishStemmer.java,org.tartarus.snowball.ext.danishStemmer,r_consonant_pair/0,a_1,1
/Users/pooria/Documents/repos/SSBSE-Research-2021-replication/subjects/scripts/../components/code/snowball-stemmer/src/java/org/tartarus/snowball/ext/danishStemmer.java,org.tartarus.snowball.ext.danishStemmer,r_consonant_pair/0,I_p1,2
/Users/pooria/Documents/repos/SSBSE-Research-2021-replication/subjects/scripts/../components/code/snowball-stemmer/src/java/org/tartarus/snowball/ext/italianStemmer.java,org.tartarus.snowball.ext.italianStemmer,r_prelude/0,a_0,1
/Users/pooria/Documents/repos/SSBSE-Research-2021-replication/subjects/scripts/../components/code/snowball-stemmer/src/java/org/tartarus/snowball/ext/italianStemmer.java,org.tartarus.snowball.ext.italianStemmer,r_prelude/0,g_v,3
/Users/pooria/Documents/repos/SSBSE-Research-2021-replication/subjects/scripts/../components/code/snowball-stemmer/src/java/org/tartarus/snowball/ext/italianStemmer.java,org.tartarus.snowball.ext.italianStemmer,r_mark_regions/0,I_p1,2
/Users/pooria/Documents/repos/SSBSE-Research-2021-replication/subjects/scripts/../components/code/snowball-stemmer/src/java/org/tartarus/snowball/ext/italianStemmer.java,org.tartarus.snowball.ext.italianStemmer,r_mark_regions/0,I_p2,2
/Users/pooria/Documents/repos/SSBSE-Research-2021-replication/subjects/scripts/../components/code/snowball-stemmer/src/java/org/tartarus/snowball/ext/italianStemmer.java,org.tartarus.snowball.ext.italianStemmer,r_mark_regions/0,I_pV,2
/Users/pooria/Documents/repos/SSBSE-Research-2021-replication/subjects/scripts/../components/code/snowball-stemmer/src/java/org/tartarus/snowball/ext/italianStemmer.java,org.tartarus.snowball.ext.italianStemmer,r_mark_regions/0,g_v,13
/Users/pooria/Documents/repos/SSBSE-Research-2021-replication/subjects/scripts/../components/code/snowball-stemmer/src/java/org/tartarus/snowball/ext/italianStemmer.java,org.tartarus.snowball.ext.italianStemmer,r_standard_suffix/0,a_5,1
/Users/pooria/Documents/repos/SSBSE-Research-2021-replication/subjects/scripts/../components/code/snowball-stemmer/src/java/org/tartarus/snowball/ext/italianStemmer.java,org.tartarus.snowball.ext.italianStemmer,r_standard_suffix/0,a_4,1
/Users/pooria/Documents/repos/SSBSE-Research-2021-replication/subjects/scripts/../components/code/snowball-stemmer/src/java/org/tartarus/snowball/ext/italianStemmer.java,org.tartarus.snowball.ext.italianStemmer,r_standard_suffix/0,a_6,1
/Users/pooria/Documents/repos/SSBSE-Research-2021-replication/subjects/scripts/../components/code/snowball-stemmer/src/java/org/tartarus/snowball/ext/italianStemmer.java,org.tartarus.snowball.ext.italianStemmer,r_postlude/0,a_1,1
/Users/pooria/Documents/repos/SSBSE-Research-2021-replication/subjects/scripts/../components/code/snowball-stemmer/src/java/org/tartarus/snowball/ext/italianStemmer.java,org.tartarus.snowball.ext.italianStemmer,r_R2/0,I_p2,1
/Users/pooria/Documents/repos/SSBSE-Research-2021-replication/subjects/scripts/../components/code/snowball-stemmer/src/java/org/tartarus/snowball/ext/italianStemmer.java,org.tartarus.snowball.ext.italianStemmer,copy_from/1[org.tartarus.snowball.ext.italianStemmer],I_p1,1
/Users/pooria/Documents/repos/SSBSE-Research-2021-replication/subjects/scripts/../components/code/snowball-stemmer/src/java/org/tartarus/snowball/ext/italianStemmer.java,org.tartarus.snowball.ext.italianStemmer,copy_from/1[org.tartarus.snowball.ext.italianStemmer],I_p2,1
/Users/pooria/Documents/repos/SSBSE-Research-2021-replication/subjects/scripts/../components/code/snowball-stemmer/src/java/org/tartarus/snowball/ext/italianStemmer.java,org.tartarus.snowball.ext.italianStemmer,copy_from/1[org.tartarus.snowball.ext.italianStemmer],I_pV,1
/Users/pooria/Documents/repos/SSBSE-Research-2021-replication/subjects/scripts/../components/code/snowball-stemmer/src/java/org/tartarus/snowball/ext/italianStemmer.java,org.tartarus.snowball.ext.italianStemmer,r_RV/0,I_pV,1
/Users/pooria/Documents/repos/SSBSE-Research-2021-replication/subjects/scripts/../components/code/snowball-stemmer/src/java/org/tartarus/snowball/ext/italianStemmer.java,org.tartarus.snowball.ext.italianStemmer,r_R1/0,I_p1,1
/Users/pooria/Documents/repos/SSBSE-Research-2021-replication/subjects/scripts/../components/code/snowball-stemmer/src/java/org/tartarus/snowball/ext/italianStemmer.java,org.tartarus.snowball.ext.italianStemmer,r_verb_suffix/0,a_7,1
/Users/pooria/Documents/repos/SSBSE-Research-2021-replication/subjects/scripts/../components/code/snowball-stemmer/src/java/org/tartarus/snowball/ext/italianStemmer.java,org.tartarus.snowball.ext.italianStemmer,r_verb_suffix/0,I_pV,2
/Users/pooria/Documents/repos/SSBSE-Research-2021-replication/subjects/scripts/../components/code/snowball-stemmer/src/java/org/tartarus/snowball/ext/italianStemmer.java,org.tartarus.snowball.ext.italianStemmer,r_vowel_suffix/0,g_CG,1
/Users/pooria/Documents/repos/SSBSE-Research-2021-replication/subjects/scripts/../components/code/snowball-stemmer/src/java/org/tartarus/snowball/ext/italianStemmer.java,org.tartarus.snowball.ext.italianStemmer,r_vowel_suffix/0,g_AEIO,1
/Users/pooria/Documents/repos/SSBSE-Research-2021-replication/subjects/scripts/../components/code/snowball-stemmer/src/java/org/tartarus/snowball/ext/italianStemmer.java,org.tartarus.snowball.ext.italianStemmer,r_attached_pronoun/0,a_3,1
/Users/pooria/Documents/repos/SSBSE-Research-2021-replication/subjects/scripts/../components/code/snowball-stemmer/src/java/org/tartarus/snowball/ext/italianStemmer.java,org.tartarus.snowball.ext.italianStemmer,r_attached_pronoun/0,a_2,1
/Users/pooria/Documents/repos/SSBSE-Research-2021-replication/subjects/scripts/../components/code/snowball-stemmer/src/java/org/tartarus/snowball/ext/englishStemmer.java,org.tartarus.snowball.ext.englishStemmer,r_mark_regions/0,a_0,1
/Users/pooria/Documents/repos/SSBSE-Research-2021-replication/subjects/scripts/../components/code/snowball-stemmer/src/java/org/tartarus/snowball/ext/englishStemmer.java,org.tartarus.snowball.ext.englishStemmer,r_mark_regions/0,I_p1,2
/Users/pooria/Documents/repos/SSBSE-Research-2021-replication/subjects/scripts/../components/code/snowball-stemmer/src/java/org/tartarus/snowball/ext/englishStemmer.java,org.tartarus.snowball.ext.englishStemmer,r_mark_regions/0,I_p2,2
/Users/pooria/Documents/repos/SSBSE-Research-2021-replication/subjects/scripts/../components/code/snowball-stemmer/src/java/org/tartarus/snowball/ext/englishStemmer.java,org.tartarus.snowball.ext.englishStemmer,r_mark_regions/0,g_v,4
/Users/pooria/Documents/repos/SSBSE-Research-2021-replication/subjects/scripts/../components/code/snowball-stemmer/src/java/org/tartarus/snowball/ext/englishStemmer.java,org.tartarus.snowball.ext.englishStemmer,r_Step_4/0,a_7,1
/Users/pooria/Documents/repos/SSBSE-Research-2021-replication/subjects/scripts/../components/code/snowball-stemmer/src/java/org/tartarus/snowball/ext/englishStemmer.java,org.tartarus.snowball.ext.englishStemmer,r_exception2/0,a_9,1
/Users/pooria/Documents/repos/SSBSE-Research-2021-replication/subjects/scripts/../components/code/snowball-stemmer/src/java/org/tartarus/snowball/ext/englishStemmer.java,org.tartarus.snowball.ext.englishStemmer,r_R2/0,I_p2,1
/Users/pooria/Documents/repos/SSBSE-Research-2021-replication/subjects/scripts/../components/code/snowball-stemmer/src/java/org/tartarus/snowball/ext/englishStemmer.java,org.tartarus.snowball.ext.englishStemmer,r_Step_1b/0,a_3,1
/Users/pooria/Documents/repos/SSBSE-Research-2021-replication/subjects/scripts/../components/code/snowball-stemmer/src/java/org/tartarus/snowball/ext/englishStemmer.java,org.tartarus.snowball.ext.englishStemmer,r_Step_1b/0,I_p1,1
/Users/pooria/Documents/repos/SSBSE-Research-2021-replication/subjects/scripts/../components/code/snowball-stemmer/src/java/org/tartarus/snowball/ext/englishStemmer.java,org.tartarus.snowball.ext.englishStemmer,r_Step_1b/0,a_4,1
/Users/pooria/Documents/repos/SSBSE-Research-2021-replication/subjects/scripts/../components/code/snowball-stemmer/src/java/org/tartarus/snowball/ext/englishStemmer.java,org.tartarus.snowball.ext.englishStemmer,r_Step_1b/0,g_v,1
/Users/pooria/Documents/repos/SSBSE-Research-2021-replication/subjects/scripts/../components/code/snowball-stemmer/src/java/org/tartarus/snowball/ext/englishStemmer.java,org.tartarus.snowball.ext.englishStemmer,r_shortv/0,g_v_WXY,1
/Users/pooria/Documents/repos/SSBSE-Research-2021-replication/subjects/scripts/../components/code/snowball-stemmer/src/java/org/tartarus/snowball/ext/englishStemmer.java,org.tartarus.snowball.ext.englishStemmer,r_shortv/0,g_v,4
/Users/pooria/Documents/repos/SSBSE-Research-2021-replication/subjects/scripts/../components/code/snowball-stemmer/src/java/org/tartarus/snowball/ext/englishStemmer.java,org.tartarus.snowball.ext.englishStemmer,r_Step_3/0,a_6,1
/Users/pooria/Documents/repos/SSBSE-Research-2021-replication/subjects/scripts/../components/code/snowball-stemmer/src/java/org/tartarus/snowball/ext/englishStemmer.java,org.tartarus.snowball.ext.englishStemmer,r_Step_1c/0,g_v,1
/Users/pooria/Documents/repos/SSBSE-Research-2021-replication/subjects/scripts/../components/code/snowball-stemmer/src/java/org/tartarus/snowball/ext/englishStemmer.java,org.tartarus.snowball.ext.englishStemmer,r_R1/0,I_p1,1
/Users/pooria/Documents/repos/SSBSE-Research-2021-replication/subjects/scripts/../components/code/snowball-stemmer/src/java/org/tartarus/snowball/ext/englishStemmer.java,org.tartarus.snowball.ext.englishStemmer,r_Step_1a/0,a_1,1
/Users/pooria/Documents/repos/SSBSE-Research-2021-replication/subjects/scripts/../components/code/snowball-stemmer/src/java/org/tartarus/snowball/ext/englishStemmer.java,org.tartarus.snowball.ext.englishStemmer,r_Step_1a/0,a_2,1
/Users/pooria/Documents/repos/SSBSE-Research-2021-replication/subjects/scripts/../components/code/snowball-stemmer/src/java/org/tartarus/snowball/ext/englishStemmer.java,org.tartarus.snowball.ext.englishStemmer,r_Step_1a/0,g_v,1
/Users/pooria/Documents/repos/SSBSE-Research-2021-replication/subjects/scripts/../components/code/snowball-stemmer/src/java/org/tartarus/snowball/ext/englishStemmer.java,org.tartarus.snowball.ext.englishStemmer,copy_from/1[org.tartarus.snowball.ext.englishStemmer],B_Y_found,1
/Users/pooria/Documents/repos/SSBSE-Research-2021-replication/subjects/scripts/../components/code/snowball-stemmer/src/java/org/tartarus/snowball/ext/englishStemmer.java,org.tartarus.snowball.ext.englishStemmer,copy_from/1[org.tartarus.snowball.ext.englishStemmer],I_p1,1
/Users/pooria/Documents/repos/SSBSE-Research-2021-replication/subjects/scripts/../components/code/snowball-stemmer/src/java/org/tartarus/snowball/ext/englishStemmer.java,org.tartarus.snowball.ext.englishStemmer,copy_from/1[org.tartarus.snowball.ext.englishStemmer],I_p2,1
/Users/pooria/Documents/repos/SSBSE-Research-2021-replication/subjects/scripts/../components/code/snowball-stemmer/src/java/org/tartarus/snowball/ext/englishStemmer.java,org.tartarus.snowball.ext.englishStemmer,r_prelude/0,B_Y_found,3
/Users/pooria/Documents/repos/SSBSE-Research-2021-replication/subjects/scripts/../components/code/snowball-stemmer/src/java/org/tartarus/snowball/ext/englishStemmer.java,org.tartarus.snowball.ext.englishStemmer,r_prelude/0,g_v,1
/Users/pooria/Documents/repos/SSBSE-Research-2021-replication/subjects/scripts/../components/code/snowball-stemmer/src/java/org/tartarus/snowball/ext/englishStemmer.java,org.tartarus.snowball.ext.englishStemmer,r_Step_5/0,a_8,1
/Users/pooria/Documents/repos/SSBSE-Research-2021-replication/subjects/scripts/../components/code/snowball-stemmer/src/java/org/tartarus/snowball/ext/englishStemmer.java,org.tartarus.snowball.ext.englishStemmer,r_exception1/0,a_10,1
/Users/pooria/Documents/repos/SSBSE-Research-2021-replication/subjects/scripts/../components/code/snowball-stemmer/src/java/org/tartarus/snowball/ext/englishStemmer.java,org.tartarus.snowball.ext.englishStemmer,r_Step_2/0,g_valid_LI,1
/Users/pooria/Documents/repos/SSBSE-Research-2021-replication/subjects/scripts/../components/code/snowball-stemmer/src/java/org/tartarus/snowball/ext/englishStemmer.java,org.tartarus.snowball.ext.englishStemmer,r_Step_2/0,a_5,1
/Users/pooria/Documents/repos/SSBSE-Research-2021-replication/subjects/scripts/../components/code/snowball-stemmer/src/java/org/tartarus/snowball/ext/englishStemmer.java,org.tartarus.snowball.ext.englishStemmer,r_postlude/0,B_Y_found,1
/Users/pooria/Documents/repos/SSBSE-Research-2021-replication/subjects/scripts/../components/code/snowball-stemmer/src/java/org/tartarus/snowball/ext/porterStemmer.java,org.tartarus.snowball.ext.porterStemmer,r_R1/0,I_p1,1
/Users/pooria/Documents/repos/SSBSE-Research-2021-replication/subjects/scripts/../components/code/snowball-stemmer/src/java/org/tartarus/snowball/ext/porterStemmer.java,org.tartarus.snowball.ext.porterStemmer,r_shortv/0,g_v_WXY,1
/Users/pooria/Documents/repos/SSBSE-Research-2021-replication/subjects/scripts/../components/code/snowball-stemmer/src/java/org/tartarus/snowball/ext/porterStemmer.java,org.tartarus.snowball.ext.porterStemmer,r_shortv/0,g_v,2
/Users/pooria/Documents/repos/SSBSE-Research-2021-replication/subjects/scripts/../components/code/snowball-stemmer/src/java/org/tartarus/snowball/ext/porterStemmer.java,org.tartarus.snowball.ext.porterStemmer,r_Step_1c/0,g_v,1
/Users/pooria/Documents/repos/SSBSE-Research-2021-replication/subjects/scripts/../components/code/snowball-stemmer/src/java/org/tartarus/snowball/ext/porterStemmer.java,org.tartarus.snowball.ext.porterStemmer,r_Step_4/0,a_5,1
/Users/pooria/Documents/repos/SSBSE-Research-2021-replication/subjects/scripts/../components/code/snowball-stemmer/src/java/org/tartarus/snowball/ext/porterStemmer.java,org.tartarus.snowball.ext.porterStemmer,copy_from/1[org.tartarus.snowball.ext.porterStemmer],B_Y_found,1
/Users/pooria/Documents/repos/SSBSE-Research-2021-replication/subjects/scripts/../components/code/snowball-stemmer/src/java/org/tartarus/snowball/ext/porterStemmer.java,org.tartarus.snowball.ext.porterStemmer,copy_from/1[org.tartarus.snowball.ext.porterStemmer],I_p1,1
/Users/pooria/Documents/repos/SSBSE-Research-2021-replication/subjects/scripts/../components/code/snowball-stemmer/src/java/org/tartarus/snowball/ext/porterStemmer.java,org.tartarus.snowball.ext.porterStemmer,copy_from/1[org.tartarus.snowball.ext.porterStemmer],I_p2,1
/Users/pooria/Documents/repos/SSBSE-Research-2021-replication/subjects/scripts/../components/code/snowball-stemmer/src/java/org/tartarus/snowball/ext/porterStemmer.java,org.tartarus.snowball.ext.porterStemmer,r_Step_1a/0,a_0,1
/Users/pooria/Documents/repos/SSBSE-Research-2021-replication/subjects/scripts/../components/code/snowball-stemmer/src/java/org/tartarus/snowball/ext/porterStemmer.java,org.tartarus.snowball.ext.porterStemmer,r_Step_2/0,a_3,1
/Users/pooria/Documents/repos/SSBSE-Research-2021-replication/subjects/scripts/../components/code/snowball-stemmer/src/java/org/tartarus/snowball/ext/porterStemmer.java,org.tartarus.snowball.ext.porterStemmer,r_Step_1b/0,a_1,1
/Users/pooria/Documents/repos/SSBSE-Research-2021-replication/subjects/scripts/../components/code/snowball-stemmer/src/java/org/tartarus/snowball/ext/porterStemmer.java,org.tartarus.snowball.ext.porterStemmer,r_Step_1b/0,a_2,1
/Users/pooria/Documents/repos/SSBSE-Research-2021-replication/subjects/scripts/../components/code/snowball-stemmer/src/java/org/tartarus/snowball/ext/porterStemmer.java,org.tartarus.snowball.ext.porterStemmer,r_Step_1b/0,I_p1,1
/Users/pooria/Documents/repos/SSBSE-Research-2021-replication/subjects/scripts/../components/code/snowball-stemmer/src/java/org/tartarus/snowball/ext/porterStemmer.java,org.tartarus.snowball.ext.porterStemmer,r_Step_1b/0,g_v,1
/Users/pooria/Documents/repos/SSBSE-Research-2021-replication/subjects/scripts/../components/code/snowball-stemmer/src/java/org/tartarus/snowball/ext/porterStemmer.java,org.tartarus.snowball.ext.porterStemmer,r_Step_3/0,a_4,1
/Users/pooria/Documents/repos/SSBSE-Research-2021-replication/subjects/scripts/../components/code/snowball-stemmer/src/java/org/tartarus/snowball/ext/porterStemmer.java,org.tartarus.snowball.ext.porterStemmer,stem/0,B_Y_found,4
/Users/pooria/Documents/repos/SSBSE-Research-2021-replication/subjects/scripts/../components/code/snowball-stemmer/src/java/org/tartarus/snowball/ext/porterStemmer.java,org.tartarus.snowball.ext.porterStemmer,stem/0,I_p1,2
/Users/pooria/Documents/repos/SSBSE-Research-2021-replication/subjects/scripts/../components/code/snowball-stemmer/src/java/org/tartarus/snowball/ext/porterStemmer.java,org.tartarus.snowball.ext.porterStemmer,stem/0,I_p2,2
/Users/pooria/Documents/repos/SSBSE-Research-2021-replication/subjects/scripts/../components/code/snowball-stemmer/src/java/org/tartarus/snowball/ext/porterStemmer.java,org.tartarus.snowball.ext.porterStemmer,stem/0,g_v,5
/Users/pooria/Documents/repos/SSBSE-Research-2021-replication/subjects/scripts/../components/code/snowball-stemmer/src/java/org/tartarus/snowball/ext/porterStemmer.java,org.tartarus.snowball.ext.porterStemmer,r_R2/0,I_p2,1
/Users/pooria/Documents/repos/SSBSE-Research-2021-replication/subjects/scripts/../components/code/snowball-stemmer/src/java/org/tartarus/snowball/ext/hungarianStemmer.java,org.tartarus.snowball.ext.hungarianStemmer,r_mark_regions/0,a_0,1
/Users/pooria/Documents/repos/SSBSE-Research-2021-replication/subjects/scripts/../components/code/snowball-stemmer/src/java/org/tartarus/snowball/ext/hungarianStemmer.java,org.tartarus.snowball.ext.hungarianStemmer,r_mark_regions/0,I_p1,3
/Users/pooria/Documents/repos/SSBSE-Research-2021-replication/subjects/scripts/../components/code/snowball-stemmer/src/java/org/tartarus/snowball/ext/hungarianStemmer.java,org.tartarus.snowball.ext.hungarianStemmer,r_mark_regions/0,g_v,4
/Users/pooria/Documents/repos/SSBSE-Research-2021-replication/subjects/scripts/../components/code/snowball-stemmer/src/java/org/tartarus/snowball/ext/hungarianStemmer.java,org.tartarus.snowball.ext.hungarianStemmer,r_instrum/0,a_3,1
/Users/pooria/Documents/repos/SSBSE-Research-2021-replication/subjects/scripts/../components/code/snowball-stemmer/src/java/org/tartarus/snowball/ext/hungarianStemmer.java,org.tartarus.snowball.ext.hungarianStemmer,r_R1/0,I_p1,1
/Users/pooria/Documents/repos/SSBSE-Research-2021-replication/subjects/scripts/../components/code/snowball-stemmer/src/java/org/tartarus/snowball/ext/hungarianStemmer.java,org.tartarus.snowball.ext.hungarianStemmer,r_owned/0,a_9,1
/Users/pooria/Documents/repos/SSBSE-Research-2021-replication/subjects/scripts/../components/code/snowball-stemmer/src/java/org/tartarus/snowball/ext/hungarianStemmer.java,org.tartarus.snowball.ext.hungarianStemmer,r_plural/0,a_8,1
/Users/pooria/Documents/repos/SSBSE-Research-2021-replication/subjects/scripts/../components/code/snowball-stemmer/src/java/org/tartarus/snowball/ext/hungarianStemmer.java,org.tartarus.snowball.ext.hungarianStemmer,r_case/0,a_4,1
/Users/pooria/Documents/repos/SSBSE-Research-2021-replication/subjects/scripts/../components/code/snowball-stemmer/src/java/org/tartarus/snowball/ext/hungarianStemmer.java,org.tartarus.snowball.ext.hungarianStemmer,r_case_other/0,a_6,1
/Users/pooria/Documents/repos/SSBSE-Research-2021-replication/subjects/scripts/../components/code/snowball-stemmer/src/java/org/tartarus/snowball/ext/hungarianStemmer.java,org.tartarus.snowball.ext.hungarianStemmer,r_case_special/0,a_5,1
/Users/pooria/Documents/repos/SSBSE-Research-2021-replication/subjects/scripts/../components/code/snowball-stemmer/src/java/org/tartarus/snowball/ext/hungarianStemmer.java,org.tartarus.snowball.ext.hungarianStemmer,r_sing_owner/0,a_10,1
/Users/pooria/Documents/repos/SSBSE-Research-2021-replication/subjects/scripts/../components/code/snowball-stemmer/src/java/org/tartarus/snowball/ext/hungarianStemmer.java,org.tartarus.snowball.ext.hungarianStemmer,copy_from/1[org.tartarus.snowball.ext.hungarianStemmer],I_p1,1
/Users/pooria/Documents/repos/SSBSE-Research-2021-replication/subjects/scripts/../components/code/snowball-stemmer/src/java/org/tartarus/snowball/ext/hungarianStemmer.java,org.tartarus.snowball.ext.hungarianStemmer,r_factive/0,a_7,1
/Users/pooria/Documents/repos/SSBSE-Research-2021-replication/subjects/scripts/../components/code/snowball-stemmer/src/java/org/tartarus/snowball/ext/hungarianStemmer.java,org.tartarus.snowball.ext.hungarianStemmer,r_plur_owner/0,a_11,1
/Users/pooria/Documents/repos/SSBSE-Research-2021-replication/subjects/scripts/../components/code/snowball-stemmer/src/java/org/tartarus/snowball/ext/hungarianStemmer.java,org.tartarus.snowball.ext.hungarianStemmer,r_double/0,a_2,1
/Users/pooria/Documents/repos/SSBSE-Research-2021-replication/subjects/scripts/../components/code/snowball-stemmer/src/java/org/tartarus/snowball/ext/hungarianStemmer.java,org.tartarus.snowball.ext.hungarianStemmer,r_v_ending/0,a_1,1
/Users/pooria/Documents/repos/SSBSE-Research-2021-replication/subjects/scripts/../components/code/snowball-stemmer/src/java/org/tartarus/snowball/ext/germanStemmer.java,org.tartarus.snowball.ext.germanStemmer,r_R1/0,I_p1,1
/Users/pooria/Documents/repos/SSBSE-Research-2021-replication/subjects/scripts/../components/code/snowball-stemmer/src/java/org/tartarus/snowball/ext/germanStemmer.java,org.tartarus.snowball.ext.germanStemmer,r_mark_regions/0,I_x,3
/Users/pooria/Documents/repos/SSBSE-Research-2021-replication/subjects/scripts/../components/code/snowball-stemmer/src/java/org/tartarus/snowball/ext/germanStemmer.java,org.tartarus.snowball.ext.germanStemmer,r_mark_regions/0,I_p1,4
/Users/pooria/Documents/repos/SSBSE-Research-2021-replication/subjects/scripts/../components/code/snowball-stemmer/src/java/org/tartarus/snowball/ext/germanStemmer.java,org.tartarus.snowball.ext.germanStemmer,r_mark_regions/0,I_p2,2
/Users/pooria/Documents/repos/SSBSE-Research-2021-replication/subjects/scripts/../components/code/snowball-stemmer/src/java/org/tartarus/snowball/ext/germanStemmer.java,org.tartarus.snowball.ext.germanStemmer,r_mark_regions/0,g_v,4
/Users/pooria/Documents/repos/SSBSE-Research-2021-replication/subjects/scripts/../components/code/snowball-stemmer/src/java/org/tartarus/snowball/ext/germanStemmer.java,org.tartarus.snowball.ext.germanStemmer,copy_from/1[org.tartarus.snowball.ext.germanStemmer],I_x,1
/Users/pooria/Documents/repos/SSBSE-Research-2021-replication/subjects/scripts/../components/code/snowball-stemmer/src/java/org/tartarus/snowball/ext/germanStemmer.java,org.tartarus.snowball.ext.germanStemmer,copy_from/1[org.tartarus.snowball.ext.germanStemmer],I_p1,1
/Users/pooria/Documents/repos/SSBSE-Research-2021-replication/subjects/scripts/../components/code/snowball-stemmer/src/java/org/tartarus/snowball/ext/germanStemmer.java,org.tartarus.snowball.ext.germanStemmer,copy_from/1[org.tartarus.snowball.ext.germanStemmer],I_p2,1
/Users/pooria/Documents/repos/SSBSE-Research-2021-replication/subjects/scripts/../components/code/snowball-stemmer/src/java/org/tartarus/snowball/ext/germanStemmer.java,org.tartarus.snowball.ext.germanStemmer,r_standard_suffix/0,a_1,1
/Users/pooria/Documents/repos/SSBSE-Research-2021-replication/subjects/scripts/../components/code/snowball-stemmer/src/java/org/tartarus/snowball/ext/germanStemmer.java,org.tartarus.snowball.ext.germanStemmer,r_standard_suffix/0,g_s_ending,1
/Users/pooria/Documents/repos/SSBSE-Research-2021-replication/subjects/scripts/../components/code/snowball-stemmer/src/java/org/tartarus/snowball/ext/germanStemmer.java,org.tartarus.snowball.ext.germanStemmer,r_standard_suffix/0,a_3,1
/Users/pooria/Documents/repos/SSBSE-Research-2021-replication/subjects/scripts/../components/code/snowball-stemmer/src/java/org/tartarus/snowball/ext/germanStemmer.java,org.tartarus.snowball.ext.germanStemmer,r_standard_suffix/0,a_2,1
/Users/pooria/Documents/repos/SSBSE-Research-2021-replication/subjects/scripts/../components/code/snowball-stemmer/src/java/org/tartarus/snowball/ext/germanStemmer.java,org.tartarus.snowball.ext.germanStemmer,r_standard_suffix/0,a_4,1
/Users/pooria/Documents/repos/SSBSE-Research-2021-replication/subjects/scripts/../components/code/snowball-stemmer/src/java/org/tartarus/snowball/ext/germanStemmer.java,org.tartarus.snowball.ext.germanStemmer,r_standard_suffix/0,g_st_ending,1
/Users/pooria/Documents/repos/SSBSE-Research-2021-replication/subjects/scripts/../components/code/snowball-stemmer/src/java/org/tartarus/snowball/ext/germanStemmer.java,org.tartarus.snowball.ext.germanStemmer,r_postlude/0,a_0,1
/Users/pooria/Documents/repos/SSBSE-Research-2021-replication/subjects/scripts/../components/code/snowball-stemmer/src/java/org/tartarus/snowball/ext/germanStemmer.java,org.tartarus.snowball.ext.germanStemmer,r_R2/0,I_p2,1
/Users/pooria/Documents/repos/SSBSE-Research-2021-replication/subjects/scripts/../components/code/snowball-stemmer/src/java/org/tartarus/snowball/ext/germanStemmer.java,org.tartarus.snowball.ext.germanStemmer,r_prelude/0,g_v,3
/Users/pooria/Documents/repos/SSBSE-Research-2021-replication/subjects/scripts/../components/code/snowball-stemmer/src/java/org/tartarus/snowball/ext/norwegianStemmer.java,org.tartarus.snowball.ext.norwegianStemmer,r_mark_regions/0,I_x,3
/Users/pooria/Documents/repos/SSBSE-Research-2021-replication/subjects/scripts/../components/code/snowball-stemmer/src/java/org/tartarus/snowball/ext/norwegianStemmer.java,org.tartarus.snowball.ext.norwegianStemmer,r_mark_regions/0,I_p1,4
/Users/pooria/Documents/repos/SSBSE-Research-2021-replication/subjects/scripts/../components/code/snowball-stemmer/src/java/org/tartarus/snowball/ext/norwegianStemmer.java,org.tartarus.snowball.ext.norwegianStemmer,r_mark_regions/0,g_v,2
/Users/pooria/Documents/repos/SSBSE-Research-2021-replication/subjects/scripts/../components/code/snowball-stemmer/src/java/org/tartarus/snowball/ext/norwegianStemmer.java,org.tartarus.snowball.ext.norwegianStemmer,r_other_suffix/0,I_p1,2
/Users/pooria/Documents/repos/SSBSE-Research-2021-replication/subjects/scripts/../components/code/snowball-stemmer/src/java/org/tartarus/snowball/ext/norwegianStemmer.java,org.tartarus.snowball.ext.norwegianStemmer,r_other_suffix/0,a_2,1
/Users/pooria/Documents/repos/SSBSE-Research-2021-replication/subjects/scripts/../components/code/snowball-stemmer/src/java/org/tartarus/snowball/ext/norwegianStemmer.java,org.tartarus.snowball.ext.norwegianStemmer,r_main_suffix/0,a_0,1
/Users/pooria/Documents/repos/SSBSE-Research-2021-replication/subjects/scripts/../components/code/snowball-stemmer/src/java/org/tartarus/snowball/ext/norwegianStemmer.java,org.tartarus.snowball.ext.norwegianStemmer,r_main_suffix/0,g_s_ending,1
/Users/pooria/Documents/repos/SSBSE-Research-2021-replication/subjects/scripts/../components/code/snowball-stemmer/src/java/org/tartarus/snowball/ext/norwegianStemmer.java,org.tartarus.snowball.ext.norwegianStemmer,r_main_suffix/0,I_p1,2
/Users/pooria/Documents/repos/SSBSE-Research-2021-replication/subjects/scripts/../components/code/snowball-stemmer/src/java/org/tartarus/snowball/ext/norwegianStemmer.java,org.tartarus.snowball.ext.norwegianStemmer,r_main_suffix/0,g_v,1
/Users/pooria/Documents/repos/SSBSE-Research-2021-replication/subjects/scripts/../components/code/snowball-stemmer/src/java/org/tartarus/snowball/ext/norwegianStemmer.java,org.tartarus.snowball.ext.norwegianStemmer,r_consonant_pair/0,a_1,1
/Users/pooria/Documents/repos/SSBSE-Research-2021-replication/subjects/scripts/../components/code/snowball-stemmer/src/java/org/tartarus/snowball/ext/norwegianStemmer.java,org.tartarus.snowball.ext.norwegianStemmer,r_consonant_pair/0,I_p1,2
/Users/pooria/Documents/repos/SSBSE-Research-2021-replication/subjects/scripts/../components/code/snowball-stemmer/src/java/org/tartarus/snowball/ext/norwegianStemmer.java,org.tartarus.snowball.ext.norwegianStemmer,copy_from/1[org.tartarus.snowball.ext.norwegianStemmer],I_x,1
/Users/pooria/Documents/repos/SSBSE-Research-2021-replication/subjects/scripts/../components/code/snowball-stemmer/src/java/org/tartarus/snowball/ext/norwegianStemmer.java,org.tartarus.snowball.ext.norwegianStemmer,copy_from/1[org.tartarus.snowball.ext.norwegianStemmer],I_p1,1
/Users/pooria/Documents/repos/SSBSE-Research-2021-replication/subjects/scripts/../components/code/snowball-stemmer/src/java/org/tartarus/snowball/ext/russianStemmer.java,org.tartarus.snowball.ext.russianStemmer,r_adjectival/0,a_2,1
/Users/pooria/Documents/repos/SSBSE-Research-2021-replication/subjects/scripts/../components/code/snowball-stemmer/src/java/org/tartarus/snowball/ext/russianStemmer.java,org.tartarus.snowball.ext.russianStemmer,r_tidy_up/0,a_7,1
/Users/pooria/Documents/repos/SSBSE-Research-2021-replication/subjects/scripts/../components/code/snowball-stemmer/src/java/org/tartarus/snowball/ext/russianStemmer.java,org.tartarus.snowball.ext.russianStemmer,r_R2/0,I_p2,1
/Users/pooria/Documents/repos/SSBSE-Research-2021-replication/subjects/scripts/../components/code/snowball-stemmer/src/java/org/tartarus/snowball/ext/russianStemmer.java,org.tartarus.snowball.ext.russianStemmer,r_noun/0,a_5,1
/Users/pooria/Documents/repos/SSBSE-Research-2021-replication/subjects/scripts/../components/code/snowball-stemmer/src/java/org/tartarus/snowball/ext/russianStemmer.java,org.tartarus.snowball.ext.russianStemmer,r_reflexive/0,a_3,1
/Users/pooria/Documents/repos/SSBSE-Research-2021-replication/subjects/scripts/../components/code/snowball-stemmer/src/java/org/tartarus/snowball/ext/russianStemmer.java,org.tartarus.snowball.ext.russianStemmer,stem/0,I_pV,2
/Users/pooria/Documents/repos/SSBSE-Research-2021-replication/subjects/scripts/../components/code/snowball-stemmer/src/java/org/tartarus/snowball/ext/russianStemmer.java,org.tartarus.snowball.ext.russianStemmer,r_derivational/0,a_6,1
/Users/pooria/Documents/repos/SSBSE-Research-2021-replication/subjects/scripts/../components/code/snowball-stemmer/src/java/org/tartarus/snowball/ext/russianStemmer.java,org.tartarus.snowball.ext.russianStemmer,r_perfective_gerund/0,a_0,1
/Users/pooria/Documents/repos/SSBSE-Research-2021-replication/subjects/scripts/../components/code/snowball-stemmer/src/java/org/tartarus/snowball/ext/russianStemmer.java,org.tartarus.snowball.ext.russianStemmer,copy_from/1[org.tartarus.snowball.ext.russianStemmer],I_p2,1
/Users/pooria/Documents/repos/SSBSE-Research-2021-replication/subjects/scripts/../components/code/snowball-stemmer/src/java/org/tartarus/snowball/ext/russianStemmer.java,org.tartarus.snowball.ext.russianStemmer,copy_from/1[org.tartarus.snowball.ext.russianStemmer],I_pV,1
/Users/pooria/Documents/repos/SSBSE-Research-2021-replication/subjects/scripts/../components/code/snowball-stemmer/src/java/org/tartarus/snowball/ext/russianStemmer.java,org.tartarus.snowball.ext.russianStemmer,r_mark_regions/0,I_p2,2
/Users/pooria/Documents/repos/SSBSE-Research-2021-replication/subjects/scripts/../components/code/snowball-stemmer/src/java/org/tartarus/snowball/ext/russianStemmer.java,org.tartarus.snowball.ext.russianStemmer,r_mark_regions/0,I_pV,2
/Users/pooria/Documents/repos/SSBSE-Research-2021-replication/subjects/scripts/../components/code/snowball-stemmer/src/java/org/tartarus/snowball/ext/russianStemmer.java,org.tartarus.snowball.ext.russianStemmer,r_mark_regions/0,g_v,4
/Users/pooria/Documents/repos/SSBSE-Research-2021-replication/subjects/scripts/../components/code/snowball-stemmer/src/java/org/tartarus/snowball/ext/russianStemmer.java,org.tartarus.snowball.ext.russianStemmer,r_adjective/0,a_1,1
/Users/pooria/Documents/repos/SSBSE-Research-2021-replication/subjects/scripts/../components/code/snowball-stemmer/src/java/org/tartarus/snowball/ext/russianStemmer.java,org.tartarus.snowball.ext.russianStemmer,r_verb/0,a_4,1
/Users/pooria/Documents/repos/SSBSE-Research-2021-replication/subjects/scripts/../components/code/snowball-stemmer/src/java/org/tartarus/snowball/ext/dutchStemmer.java,org.tartarus.snowball.ext.dutchStemmer,copy_from/1[org.tartarus.snowball.ext.dutchStemmer],I_p1,1
/Users/pooria/Documents/repos/SSBSE-Research-2021-replication/subjects/scripts/../components/code/snowball-stemmer/src/java/org/tartarus/snowball/ext/dutchStemmer.java,org.tartarus.snowball.ext.dutchStemmer,copy_from/1[org.tartarus.snowball.ext.dutchStemmer],I_p2,1
/Users/pooria/Documents/repos/SSBSE-Research-2021-replication/subjects/scripts/../components/code/snowball-stemmer/src/java/org/tartarus/snowball/ext/dutchStemmer.java,org.tartarus.snowball.ext.dutchStemmer,copy_from/1[org.tartarus.snowball.ext.dutchStemmer],B_e_found,1
/Users/pooria/Documents/repos/SSBSE-Research-2021-replication/subjects/scripts/../components/code/snowball-stemmer/src/java/org/tartarus/snowball/ext/dutchStemmer.java,org.tartarus.snowball.ext.dutchStemmer,r_standard_suffix/0,g_v_I,1
/Users/pooria/Documents/repos/SSBSE-Research-2021-replication/subjects/scripts/../components/code/snowball-stemmer/src/java/org/tartarus/snowball/ext/dutchStemmer.java,org.tartarus.snowball.ext.dutchStemmer,r_standard_suffix/0,g_v_j,1
/Users/pooria/Documents/repos/SSBSE-Research-2021-replication/subjects/scripts/../components/code/snowball-stemmer/src/java/org/tartarus/snowball/ext/dutchStemmer.java,org.tartarus.snowball.ext.dutchStemmer,r_standard_suffix/0,a_3,1
/Users/pooria/Documents/repos/SSBSE-Research-2021-replication/subjects/scripts/../components/code/snowball-stemmer/src/java/org/tartarus/snowball/ext/dutchStemmer.java,org.tartarus.snowball.ext.dutchStemmer,r_standard_suffix/0,a_5,1
/Users/pooria/Documents/repos/SSBSE-Research-2021-replication/subjects/scripts/../components/code/snowball-stemmer/src/java/org/tartarus/snowball/ext/dutchStemmer.java,org.tartarus.snowball.ext.dutchStemmer,r_standard_suffix/0,a_4,1
/Users/pooria/Documents/repos/SSBSE-Research-2021-replication/subjects/scripts/../components/code/snowball-stemmer/src/java/org/tartarus/snowball/ext/dutchStemmer.java,org.tartarus.snowball.ext.dutchStemmer,r_standard_suffix/0,B_e_found,1
/Users/pooria/Documents/repos/SSBSE-Research-2021-replication/subjects/scripts/../components/code/snowball-stemmer/src/java/org/tartarus/snowball/ext/dutchStemmer.java,org.tartarus.snowball.ext.dutchStemmer,r_standard_suffix/0,g_v,1
/Users/pooria/Documents/repos/SSBSE-Research-2021-replication/subjects/scripts/../components/code/snowball-stemmer/src/java/org/tartarus/snowball/ext/dutchStemmer.java,org.tartarus.snowball.ext.dutchStemmer,r_postlude/0,a_1,1
/Users/pooria/Documents/repos/SSBSE-Research-2021-replication/subjects/scripts/../components/code/snowball-stemmer/src/java/org/tartarus/snowball/ext/dutchStemmer.java,org.tartarus.snowball.ext.dutchStemmer,r_undouble/0,a_2,1
/Users/pooria/Documents/repos/SSBSE-Research-2021-replication/subjects/scripts/../components/code/snowball-stemmer/src/java/org/tartarus/snowball/ext/dutchStemmer.java,org.tartarus.snowball.ext.dutchStemmer,r_e_ending/0,B_e_found,2
/Users/pooria/Documents/repos/SSBSE-Research-2021-replication/subjects/scripts/../components/code/snowball-stemmer/src/java/org/tartarus/snowball/ext/dutchStemmer.java,org.tartarus.snowball.ext.dutchStemmer,r_e_ending/0,g_v,1
/Users/pooria/Documents/repos/SSBSE-Research-2021-replication/subjects/scripts/../components/code/snowball-stemmer/src/java/org/tartarus/snowball/ext/dutchStemmer.java,org.tartarus.snowball.ext.dutchStemmer,r_R2/0,I_p2,1
/Users/pooria/Documents/repos/SSBSE-Research-2021-replication/subjects/scripts/../components/code/snowball-stemmer/src/java/org/tartarus/snowball/ext/dutchStemmer.java,org.tartarus.snowball.ext.dutchStemmer,r_mark_regions/0,I_p1,4
/Users/pooria/Documents/repos/SSBSE-Research-2021-replication/subjects/scripts/../components/code/snowball-stemmer/src/java/org/tartarus/snowball/ext/dutchStemmer.java,org.tartarus.snowball.ext.dutchStemmer,r_mark_regions/0,I_p2,2
/Users/pooria/Documents/repos/SSBSE-Research-2021-replication/subjects/scripts/../components/code/snowball-stemmer/src/java/org/tartarus/snowball/ext/dutchStemmer.java,org.tartarus.snowball.ext.dutchStemmer,r_mark_regions/0,g_v,4
/Users/pooria/Documents/repos/SSBSE-Research-2021-replication/subjects/scripts/../components/code/snowball-stemmer/src/java/org/tartarus/snowball/ext/dutchStemmer.java,org.tartarus.snowball.ext.dutchStemmer,r_en_ending/0,g_v,1
/Users/pooria/Documents/repos/SSBSE-Research-2021-replication/subjects/scripts/../components/code/snowball-stemmer/src/java/org/tartarus/snowball/ext/dutchStemmer.java,org.tartarus.snowball.ext.dutchStemmer,r_prelude/0,a_0,1
/Users/pooria/Documents/repos/SSBSE-Research-2021-replication/subjects/scripts/../components/code/snowball-stemmer/src/java/org/tartarus/snowball/ext/dutchStemmer.java,org.tartarus.snowball.ext.dutchStemmer,r_prelude/0,g_v,2
/Users/pooria/Documents/repos/SSBSE-Research-2021-replication/subjects/scripts/../components/code/snowball-stemmer/src/java/org/tartarus/snowball/ext/dutchStemmer.java,org.tartarus.snowball.ext.dutchStemmer,r_R1/0,I_p1,1
/Users/pooria/Documents/repos/SSBSE-Research-2021-replication/subjects/scripts/../components/code/snowball-stemmer/src/java/org/tartarus/snowball/ext/portugueseStemmer.java,org.tartarus.snowball.ext.portugueseStemmer,r_residual_suffix/0,a_7,1
/Users/pooria/Documents/repos/SSBSE-Research-2021-replication/subjects/scripts/../components/code/snowball-stemmer/src/java/org/tartarus/snowball/ext/portugueseStemmer.java,org.tartarus.snowball.ext.portugueseStemmer,r_mark_regions/0,I_p1,2
/Users/pooria/Documents/repos/SSBSE-Research-2021-replication/subjects/scripts/../components/code/snowball-stemmer/src/java/org/tartarus/snowball/ext/portugueseStemmer.java,org.tartarus.snowball.ext.portugueseStemmer,r_mark_regions/0,I_p2,2
/Users/pooria/Documents/repos/SSBSE-Research-2021-replication/subjects/scripts/../components/code/snowball-stemmer/src/java/org/tartarus/snowball/ext/portugueseStemmer.java,org.tartarus.snowball.ext.portugueseStemmer,r_mark_regions/0,I_pV,2
/Users/pooria/Documents/repos/SSBSE-Research-2021-replication/subjects/scripts/../components/code/snowball-stemmer/src/java/org/tartarus/snowball/ext/portugueseStemmer.java,org.tartarus.snowball.ext.portugueseStemmer,r_mark_regions/0,g_v,13
/Users/pooria/Documents/repos/SSBSE-Research-2021-replication/subjects/scripts/../components/code/snowball-stemmer/src/java/org/tartarus/snowball/ext/portugueseStemmer.java,org.tartarus.snowball.ext.portugueseStemmer,r_postlude/0,a_1,1
/Users/pooria/Documents/repos/SSBSE-Research-2021-replication/subjects/scripts/../components/code/snowball-stemmer/src/java/org/tartarus/snowball/ext/portugueseStemmer.java,org.tartarus.snowball.ext.portugueseStemmer,copy_from/1[org.tartarus.snowball.ext.portugueseStemmer],I_p1,1
/Users/pooria/Documents/repos/SSBSE-Research-2021-replication/subjects/scripts/../components/code/snowball-stemmer/src/java/org/tartarus/snowball/ext/portugueseStemmer.java,org.tartarus.snowball.ext.portugueseStemmer,copy_from/1[org.tartarus.snowball.ext.portugueseStemmer],I_p2,1
/Users/pooria/Documents/repos/SSBSE-Research-2021-replication/subjects/scripts/../components/code/snowball-stemmer/src/java/org/tartarus/snowball/ext/portugueseStemmer.java,org.tartarus.snowball.ext.portugueseStemmer,copy_from/1[org.tartarus.snowball.ext.portugueseStemmer],I_pV,1
/Users/pooria/Documents/repos/SSBSE-Research-2021-replication/subjects/scripts/../components/code/snowball-stemmer/src/java/org/tartarus/snowball/ext/portugueseStemmer.java,org.tartarus.snowball.ext.portugueseStemmer,r_R2/0,I_p2,1
/Users/pooria/Documents/repos/SSBSE-Research-2021-replication/subjects/scripts/../components/code/snowball-stemmer/src/java/org/tartarus/snowball/ext/portugueseStemmer.java,org.tartarus.snowball.ext.portugueseStemmer,r_RV/0,I_pV,1
/Users/pooria/Documents/repos/SSBSE-Research-2021-replication/subjects/scripts/../components/code/snowball-stemmer/src/java/org/tartarus/snowball/ext/portugueseStemmer.java,org.tartarus.snowball.ext.portugueseStemmer,r_R1/0,I_p1,1
/Users/pooria/Documents/repos/SSBSE-Research-2021-replication/subjects/scripts/../components/code/snowball-stemmer/src/java/org/tartarus/snowball/ext/portugueseStemmer.java,org.tartarus.snowball.ext.portugueseStemmer,r_residual_form/0,a_8,1
/Users/pooria/Documents/repos/SSBSE-Research-2021-replication/subjects/scripts/../components/code/snowball-stemmer/src/java/org/tartarus/snowball/ext/portugueseStemmer.java,org.tartarus.snowball.ext.portugueseStemmer,r_prelude/0,a_0,1
/Users/pooria/Documents/repos/SSBSE-Research-2021-replication/subjects/scripts/../components/code/snowball-stemmer/src/java/org/tartarus/snowball/ext/portugueseStemmer.java,org.tartarus.snowball.ext.portugueseStemmer,r_verb_suffix/0,a_6,1
/Users/pooria/Documents/repos/SSBSE-Research-2021-replication/subjects/scripts/../components/code/snowball-stemmer/src/java/org/tartarus/snowball/ext/portugueseStemmer.java,org.tartarus.snowball.ext.portugueseStemmer,r_verb_suffix/0,I_pV,2
/Users/pooria/Documents/repos/SSBSE-Research-2021-replication/subjects/scripts/../components/code/snowball-stemmer/src/java/org/tartarus/snowball/ext/portugueseStemmer.java,org.tartarus.snowball.ext.portugueseStemmer,r_standard_suffix/0,a_3,1
/Users/pooria/Documents/repos/SSBSE-Research-2021-replication/subjects/scripts/../components/code/snowball-stemmer/src/java/org/tartarus/snowball/ext/portugueseStemmer.java,org.tartarus.snowball.ext.portugueseStemmer,r_standard_suffix/0,a_2,1
/Users/pooria/Documents/repos/SSBSE-Research-2021-replication/subjects/scripts/../components/code/snowball-stemmer/src/java/org/tartarus/snowball/ext/portugueseStemmer.java,org.tartarus.snowball.ext.portugueseStemmer,r_standard_suffix/0,a_5,1
/Users/pooria/Documents/repos/SSBSE-Research-2021-replication/subjects/scripts/../components/code/snowball-stemmer/src/java/org/tartarus/snowball/ext/portugueseStemmer.java,org.tartarus.snowball.ext.portugueseStemmer,r_standard_suffix/0,a_4,1
