file,class,method,constructor,line,cbo,wmc,rfc,loc,returnsQty,variablesQty,parametersQty,methodsInvokedQty,methodsInvokedLocalQty,methodsInvokedIndirectLocalQty,loopQty,comparisonsQty,tryCatchQty,parenthesizedExpsQty,stringLiteralsQty,numbersQty,assignmentsQty,mathOperationsQty,maxNestedBlocksQty,anonymousClassesQty,innerClassesQty,lambdasQty,uniqueWordsQty,modifiers,logStatementsQty,hasJavaDoc
/Users/pooria/Documents/repos/SSBSE-Research-2021-replication/subjects/scripts/../components/code/snowball-stemmer/src/java/org/tartarus/snowball/ext/frenchStemmer.java,org.tartarus.snowball.ext.frenchStemmer,r_RV/0,false,543,0,2,0,6,2,0,0,0,0,0,0,0,0,1,0,0,0,0,1,0,0,0,9,2,0,false
/Users/pooria/Documents/repos/SSBSE-Research-2021-replication/subjects/scripts/../components/code/snowball-stemmer/src/java/org/tartarus/snowball/ext/frenchStemmer.java,org.tartarus.snowball.ext.frenchStemmer,r_mark_regions/0,false,340,0,31,3,118,1,3,0,3,0,0,15,1,0,7,0,16,13,0,5,0,0,0,36,2,0,false
/Users/pooria/Documents/repos/SSBSE-Research-2021-replication/subjects/scripts/../components/code/snowball-stemmer/src/java/org/tartarus/snowball/ext/frenchStemmer.java,org.tartarus.snowball.ext.frenchStemmer,r_un_double/0,false,1273,0,3,2,16,3,1,0,2,0,0,0,1,0,0,0,2,4,2,1,0,0,0,17,2,0,false
/Users/pooria/Documents/repos/SSBSE-Research-2021-replication/subjects/scripts/../components/code/snowball-stemmer/src/java/org/tartarus/snowball/ext/frenchStemmer.java,org.tartarus.snowball.ext.frenchStemmer,hashCode/0,false,1510,1,1,2,3,1,0,0,2,0,0,0,0,0,0,0,0,0,0,0,0,0,0,2,1,0,false
/Users/pooria/Documents/repos/SSBSE-Research-2021-replication/subjects/scripts/../components/code/snowball-stemmer/src/java/org/tartarus/snowball/ext/frenchStemmer.java,org.tartarus.snowball.ext.frenchStemmer,r_R1/0,false,551,0,2,0,6,2,0,0,0,0,0,0,0,0,1,0,0,0,0,1,0,0,0,8,2,0,false
/Users/pooria/Documents/repos/SSBSE-Research-2021-replication/subjects/scripts/../components/code/snowball-stemmer/src/java/org/tartarus/snowball/ext/frenchStemmer.java,org.tartarus.snowball.ext.frenchStemmer,r_residual_suffix/0,false,1157,1,17,6,83,7,6,0,6,1,1,3,1,0,5,5,13,23,9,4,0,0,0,35,2,0,false
/Users/pooria/Documents/repos/SSBSE-Research-2021-replication/subjects/scripts/../components/code/snowball-stemmer/src/java/org/tartarus/snowball/ext/frenchStemmer.java,org.tartarus.snowball.ext.frenchStemmer,r_prelude/0,false,204,0,22,3,100,1,4,0,3,0,0,10,0,0,10,11,14,19,0,9,0,0,0,29,2,0,false
/Users/pooria/Documents/repos/SSBSE-Research-2021-replication/subjects/scripts/../components/code/snowball-stemmer/src/java/org/tartarus/snowball/ext/frenchStemmer.java,org.tartarus.snowball.ext.frenchStemmer,r_verb_suffix/0,false,1082,1,10,4,52,5,4,0,4,1,1,1,1,0,1,1,7,16,4,3,0,0,0,28,2,0,false
/Users/pooria/Documents/repos/SSBSE-Research-2021-replication/subjects/scripts/../components/code/snowball-stemmer/src/java/org/tartarus/snowball/ext/frenchStemmer.java,org.tartarus.snowball.ext.frenchStemmer,r_un_accent/0,false,1299,0,9,3,39,3,2,0,3,0,0,4,0,0,3,3,6,5,2,4,0,0,0,23,2,0,false
/Users/pooria/Documents/repos/SSBSE-Research-2021-replication/subjects/scripts/../components/code/snowball-stemmer/src/java/org/tartarus/snowball/ext/frenchStemmer.java,org.tartarus.snowball.ext.frenchStemmer,r_standard_suffix/0,false,567,1,78,9,315,22,12,0,9,3,1,16,3,0,6,18,39,50,33,6,0,0,0,54,2,0,false
/Users/pooria/Documents/repos/SSBSE-Research-2021-replication/subjects/scripts/../components/code/snowball-stemmer/src/java/org/tartarus/snowball/ext/frenchStemmer.java,org.tartarus.snowball.ext.frenchStemmer,copy_from/1[org.tartarus.snowball.ext.frenchStemmer],false,197,1,1,1,6,0,0,1,1,0,0,0,0,0,0,0,0,3,0,0,0,0,0,10,2,0,false
/Users/pooria/Documents/repos/SSBSE-Research-2021-replication/subjects/scripts/../components/code/snowball-stemmer/src/java/org/tartarus/snowball/ext/frenchStemmer.java,org.tartarus.snowball.ext.frenchStemmer,equals/1[java.lang.Object],false,1506,1,1,0,3,1,0,1,0,0,0,0,0,0,0,0,0,0,0,0,0,0,0,5,1,0,false
/Users/pooria/Documents/repos/SSBSE-Research-2021-replication/subjects/scripts/../components/code/snowball-stemmer/src/java/org/tartarus/snowball/ext/frenchStemmer.java,org.tartarus.snowball.ext.frenchStemmer,r_postlude/0,false,488,0,10,2,39,1,2,0,2,0,0,2,1,0,0,3,7,5,0,4,0,0,0,17,2,0,false
/Users/pooria/Documents/repos/SSBSE-Research-2021-replication/subjects/scripts/../components/code/snowball-stemmer/src/java/org/tartarus/snowball/ext/frenchStemmer.java,org.tartarus.snowball.ext.frenchStemmer,r_i_verb_suffix/0,false,1036,0,6,3,34,5,3,0,3,0,0,0,1,0,1,0,6,12,2,2,0,0,0,25,2,0,false
/Users/pooria/Documents/repos/SSBSE-Research-2021-replication/subjects/scripts/../components/code/snowball-stemmer/src/java/org/tartarus/snowball/ext/frenchStemmer.java,org.tartarus.snowball.ext.frenchStemmer,stem/0,false,1350,1,26,11,124,1,11,0,11,9,4,14,0,0,2,4,2,29,17,7,0,0,0,52,1,0,false
/Users/pooria/Documents/repos/SSBSE-Research-2021-replication/subjects/scripts/../components/code/snowball-stemmer/src/java/org/tartarus/snowball/ext/frenchStemmer.java,org.tartarus.snowball.ext.frenchStemmer,r_R2/0,false,559,0,2,0,6,2,0,0,0,0,0,0,0,0,1,0,0,0,0,1,0,0,0,8,2,0,false
/Users/pooria/Documents/repos/SSBSE-Research-2021-replication/subjects/scripts/../components/code/snowball-stemmer/src/java/org/tartarus/snowball/ext/romanianStemmer.java,org.tartarus.snowball.ext.romanianStemmer,r_combo_suffix/0,false,704,1,10,3,39,4,2,0,3,1,1,0,1,0,0,6,9,6,2,1,0,0,0,22,2,0,false
/Users/pooria/Documents/repos/SSBSE-Research-2021-replication/subjects/scripts/../components/code/snowball-stemmer/src/java/org/tartarus/snowball/ext/romanianStemmer.java,org.tartarus.snowball.ext.romanianStemmer,hashCode/0,false,1033,1,1,2,3,1,0,0,2,0,0,0,0,0,0,0,0,0,0,0,0,0,0,2,1,0,false
/Users/pooria/Documents/repos/SSBSE-Research-2021-replication/subjects/scripts/../components/code/snowball-stemmer/src/java/org/tartarus/snowball/ext/romanianStemmer.java,org.tartarus.snowball.ext.romanianStemmer,r_RV/0,false,606,0,2,0,6,2,0,0,0,0,0,0,0,0,1,0,0,0,0,1,0,0,0,9,2,0,false
/Users/pooria/Documents/repos/SSBSE-Research-2021-replication/subjects/scripts/../components/code/snowball-stemmer/src/java/org/tartarus/snowball/ext/romanianStemmer.java,org.tartarus.snowball.ext.romanianStemmer,r_R1/0,false,614,0,2,0,6,2,0,0,0,0,0,0,0,0,1,0,0,0,0,1,0,0,0,8,2,0,false
/Users/pooria/Documents/repos/SSBSE-Research-2021-replication/subjects/scripts/../components/code/snowball-stemmer/src/java/org/tartarus/snowball/ext/romanianStemmer.java,org.tartarus.snowball.ext.romanianStemmer,r_step_0/0,false,630,1,13,5,50,5,2,0,5,1,1,1,1,0,1,7,11,5,2,3,0,0,0,23,2,0,false
/Users/pooria/Documents/repos/SSBSE-Research-2021-replication/subjects/scripts/../components/code/snowball-stemmer/src/java/org/tartarus/snowball/ext/romanianStemmer.java,org.tartarus.snowball.ext.romanianStemmer,copy_from/1[org.tartarus.snowball.ext.romanianStemmer],false,269,1,1,1,7,0,0,1,1,0,0,0,0,0,0,0,0,4,0,0,0,0,0,14,2,0,false
/Users/pooria/Documents/repos/SSBSE-Research-2021-replication/subjects/scripts/../components/code/snowball-stemmer/src/java/org/tartarus/snowball/ext/romanianStemmer.java,org.tartarus.snowball.ext.romanianStemmer,equals/1[java.lang.Object],false,1029,1,1,0,3,1,0,1,0,0,0,0,0,0,0,0,0,0,0,0,0,0,0,5,1,0,false
/Users/pooria/Documents/repos/SSBSE-Research-2021-replication/subjects/scripts/../components/code/snowball-stemmer/src/java/org/tartarus/snowball/ext/romanianStemmer.java,org.tartarus.snowball.ext.romanianStemmer,r_vowel_suffix/0,false,899,1,5,3,20,4,1,0,3,1,1,0,1,0,0,0,4,3,0,1,0,0,0,17,2,0,false
/Users/pooria/Documents/repos/SSBSE-Research-2021-replication/subjects/scripts/../components/code/snowball-stemmer/src/java/org/tartarus/snowball/ext/romanianStemmer.java,org.tartarus.snowball.ext.romanianStemmer,r_prelude/0,false,277,0,13,3,57,1,3,0,3,0,0,6,0,0,5,4,8,10,0,7,0,0,0,24,2,0,false
/Users/pooria/Documents/repos/SSBSE-Research-2021-replication/subjects/scripts/../components/code/snowball-stemmer/src/java/org/tartarus/snowball/ext/romanianStemmer.java,org.tartarus.snowball.ext.romanianStemmer,stem/0,false,929,1,18,7,82,1,8,0,7,7,5,9,0,0,1,0,0,19,10,4,0,0,0,37,1,0,false
/Users/pooria/Documents/repos/SSBSE-Research-2021-replication/subjects/scripts/../components/code/snowball-stemmer/src/java/org/tartarus/snowball/ext/romanianStemmer.java,org.tartarus.snowball.ext.romanianStemmer,r_verb_suffix/0,false,834,0,10,4,50,5,4,0,4,0,0,2,1,0,2,1,8,14,4,4,0,0,0,29,2,0,false
/Users/pooria/Documents/repos/SSBSE-Research-2021-replication/subjects/scripts/../components/code/snowball-stemmer/src/java/org/tartarus/snowball/ext/romanianStemmer.java,org.tartarus.snowball.ext.romanianStemmer,r_mark_regions/0,false,353,0,44,2,164,1,5,0,2,0,0,22,0,0,13,0,26,16,0,8,0,0,0,43,2,0,false
/Users/pooria/Documents/repos/SSBSE-Research-2021-replication/subjects/scripts/../components/code/snowball-stemmer/src/java/org/tartarus/snowball/ext/romanianStemmer.java,org.tartarus.snowball.ext.romanianStemmer,r_postlude/0,false,556,0,9,2,36,1,2,0,2,0,0,2,1,0,0,2,6,5,0,4,0,0,0,17,2,0,false
/Users/pooria/Documents/repos/SSBSE-Research-2021-replication/subjects/scripts/../components/code/snowball-stemmer/src/java/org/tartarus/snowball/ext/romanianStemmer.java,org.tartarus.snowball.ext.romanianStemmer,r_R2/0,false,622,0,2,0,6,2,0,0,0,0,0,0,0,0,1,0,0,0,0,1,0,0,0,8,2,0,false
/Users/pooria/Documents/repos/SSBSE-Research-2021-replication/subjects/scripts/../components/code/snowball-stemmer/src/java/org/tartarus/snowball/ext/romanianStemmer.java,org.tartarus.snowball.ext.romanianStemmer,r_standard_suffix/0,false,766,1,11,6,45,5,2,0,6,2,2,2,1,0,1,3,7,8,2,3,0,0,0,27,2,0,false
/Users/pooria/Documents/repos/SSBSE-Research-2021-replication/subjects/scripts/../components/code/snowball-stemmer/src/java/org/tartarus/snowball/ext/finnishStemmer.java,org.tartarus.snowball.ext.finnishStemmer,r_VI/0,false,416,0,3,2,9,3,0,0,2,0,0,0,0,0,2,1,3,0,0,1,0,0,0,11,2,0,false
/Users/pooria/Documents/repos/SSBSE-Research-2021-replication/subjects/scripts/../components/code/snowball-stemmer/src/java/org/tartarus/snowball/ext/finnishStemmer.java,org.tartarus.snowball.ext.finnishStemmer,equals/1[java.lang.Object],false,1039,1,1,0,3,1,0,1,0,0,0,0,0,0,0,0,0,0,0,0,0,0,0,5,1,0,false
/Users/pooria/Documents/repos/SSBSE-Research-2021-replication/subjects/scripts/../components/code/snowball-stemmer/src/java/org/tartarus/snowball/ext/finnishStemmer.java,org.tartarus.snowball.ext.finnishStemmer,r_possessive/0,false,301,0,16,4,71,9,4,0,4,0,0,1,4,0,2,3,17,14,4,3,0,0,0,25,2,0,false
/Users/pooria/Documents/repos/SSBSE-Research-2021-replication/subjects/scripts/../components/code/snowball-stemmer/src/java/org/tartarus/snowball/ext/finnishStemmer.java,org.tartarus.snowball.ext.finnishStemmer,r_case_ending/0,false,430,1,28,6,104,13,6,0,6,1,1,3,1,0,10,8,24,19,9,5,0,0,0,39,2,0,false
/Users/pooria/Documents/repos/SSBSE-Research-2021-replication/subjects/scripts/../components/code/snowball-stemmer/src/java/org/tartarus/snowball/ext/finnishStemmer.java,org.tartarus.snowball.ext.finnishStemmer,r_LONG/0,false,407,0,2,1,6,2,0,0,1,0,0,0,1,0,0,0,2,0,0,1,0,0,0,11,2,0,false
/Users/pooria/Documents/repos/SSBSE-Research-2021-replication/subjects/scripts/../components/code/snowball-stemmer/src/java/org/tartarus/snowball/ext/finnishStemmer.java,org.tartarus.snowball.ext.finnishStemmer,stem/0,false,926,1,20,8,92,1,9,0,8,8,4,10,0,0,1,0,0,22,16,4,0,0,0,42,1,0,false
/Users/pooria/Documents/repos/SSBSE-Research-2021-replication/subjects/scripts/../components/code/snowball-stemmer/src/java/org/tartarus/snowball/ext/finnishStemmer.java,org.tartarus.snowball.ext.finnishStemmer,hashCode/0,false,1043,1,1,2,3,1,0,0,2,0,0,0,0,0,0,0,0,0,0,0,0,0,0,2,1,0,false
/Users/pooria/Documents/repos/SSBSE-Research-2021-replication/subjects/scripts/../components/code/snowball-stemmer/src/java/org/tartarus/snowball/ext/finnishStemmer.java,org.tartarus.snowball.ext.finnishStemmer,r_mark_regions/0,false,157,0,17,2,67,5,2,0,2,0,0,8,0,0,4,0,8,10,0,3,0,0,0,24,2,0,false
/Users/pooria/Documents/repos/SSBSE-Research-2021-replication/subjects/scripts/../components/code/snowball-stemmer/src/java/org/tartarus/snowball/ext/finnishStemmer.java,org.tartarus.snowball.ext.finnishStemmer,r_other_endings/0,false,579,0,7,3,41,5,4,0,3,0,0,1,1,0,1,1,5,12,4,3,0,0,0,25,2,0,false
/Users/pooria/Documents/repos/SSBSE-Research-2021-replication/subjects/scripts/../components/code/snowball-stemmer/src/java/org/tartarus/snowball/ext/finnishStemmer.java,org.tartarus.snowball.ext.finnishStemmer,r_particle_etc/0,false,248,1,8,4,37,6,3,0,4,1,1,0,1,0,1,0,7,10,2,2,0,0,0,25,2,0,false
/Users/pooria/Documents/repos/SSBSE-Research-2021-replication/subjects/scripts/../components/code/snowball-stemmer/src/java/org/tartarus/snowball/ext/finnishStemmer.java,org.tartarus.snowball.ext.finnishStemmer,r_R2/0,false,240,0,2,0,6,2,0,0,0,0,0,0,0,0,1,0,0,0,0,1,0,0,0,8,2,0,false
/Users/pooria/Documents/repos/SSBSE-Research-2021-replication/subjects/scripts/../components/code/snowball-stemmer/src/java/org/tartarus/snowball/ext/finnishStemmer.java,org.tartarus.snowball.ext.finnishStemmer,r_i_plural/0,false,634,0,3,2,21,3,2,0,2,0,0,0,1,0,0,0,2,9,2,1,0,0,0,20,2,0,false
/Users/pooria/Documents/repos/SSBSE-Research-2021-replication/subjects/scripts/../components/code/snowball-stemmer/src/java/org/tartarus/snowball/ext/finnishStemmer.java,org.tartarus.snowball.ext.finnishStemmer,copy_from/1[org.tartarus.snowball.ext.finnishStemmer],false,149,1,1,1,7,0,0,1,1,0,0,0,0,0,0,0,0,4,0,0,0,0,0,13,2,0,false
/Users/pooria/Documents/repos/SSBSE-Research-2021-replication/subjects/scripts/../components/code/snowball-stemmer/src/java/org/tartarus/snowball/ext/finnishStemmer.java,org.tartarus.snowball.ext.finnishStemmer,r_t_plural/0,false,666,0,10,4,66,8,7,0,4,0,0,1,1,0,3,2,8,24,8,3,0,0,0,31,2,0,false
/Users/pooria/Documents/repos/SSBSE-Research-2021-replication/subjects/scripts/../components/code/snowball-stemmer/src/java/org/tartarus/snowball/ext/finnishStemmer.java,org.tartarus.snowball.ext.finnishStemmer,r_tidy/0,false,757,1,23,7,119,5,9,0,7,1,1,8,0,0,9,5,11,32,17,4,0,0,0,45,2,0,false
/Users/pooria/Documents/repos/SSBSE-Research-2021-replication/subjects/scripts/../components/code/snowball-stemmer/src/java/org/tartarus/snowball/ext/turkishStemmer.java,org.tartarus.snowball.ext.turkishStemmer,r_mark_DA/0,false,968,1,3,2,9,3,0,0,2,1,1,0,1,0,0,0,2,0,0,1,0,0,0,13,2,0,false
/Users/pooria/Documents/repos/SSBSE-Research-2021-replication/subjects/scripts/../components/code/snowball-stemmer/src/java/org/tartarus/snowball/ext/turkishStemmer.java,org.tartarus.snowball.ext.turkishStemmer,r_mark_sU/0,false,846,1,4,3,12,4,0,0,3,2,1,0,0,0,1,0,2,0,0,1,0,0,0,16,2,0,false
/Users/pooria/Documents/repos/SSBSE-Research-2021-replication/subjects/scripts/../components/code/snowball-stemmer/src/java/org/tartarus/snowball/ext/turkishStemmer.java,org.tartarus.snowball.ext.turkishStemmer,r_mark_ymUs_/0,false,1239,1,4,3,12,4,0,0,3,2,1,0,1,0,0,0,2,0,0,1,0,0,0,18,2,0,false
/Users/pooria/Documents/repos/SSBSE-Research-2021-replication/subjects/scripts/../components/code/snowball-stemmer/src/java/org/tartarus/snowball/ext/turkishStemmer.java,org.tartarus.snowball.ext.turkishStemmer,r_stem_suffix_chain_before_ki/0,false,1631,1,40,10,196,4,11,0,10,9,7,19,0,0,0,0,0,46,28,8,0,0,0,58,2,0,false
/Users/pooria/Documents/repos/SSBSE-Research-2021-replication/subjects/scripts/../components/code/snowball-stemmer/src/java/org/tartarus/snowball/ext/turkishStemmer.java,org.tartarus.snowball.ext.turkishStemmer,r_mark_ndA/0,false,983,1,3,2,9,3,0,0,2,1,1,0,1,0,0,0,2,0,0,1,0,0,0,12,2,0,false
/Users/pooria/Documents/repos/SSBSE-Research-2021-replication/subjects/scripts/../components/code/snowball-stemmer/src/java/org/tartarus/snowball/ext/turkishStemmer.java,org.tartarus.snowball.ext.turkishStemmer,r_is_reserved_word/0,false,2971,0,13,1,53,3,3,0,1,0,0,6,2,0,4,2,4,8,0,5,0,0,0,22,2,0,false
/Users/pooria/Documents/repos/SSBSE-Research-2021-replication/subjects/scripts/../components/code/snowball-stemmer/src/java/org/tartarus/snowball/ext/turkishStemmer.java,org.tartarus.snowball.ext.turkishStemmer,r_postlude/0,false,3043,1,7,3,36,2,3,0,3,3,1,3,0,0,0,0,0,9,4,3,0,0,0,31,2,0,false
/Users/pooria/Documents/repos/SSBSE-Research-2021-replication/subjects/scripts/../components/code/snowball-stemmer/src/java/org/tartarus/snowball/ext/turkishStemmer.java,org.tartarus.snowball.ext.turkishStemmer,r_mark_suffix_with_optional_s_consonant/0,false,589,0,10,2,57,4,7,0,2,0,0,3,0,0,4,2,6,14,14,4,0,0,0,27,2,0,false
/Users/pooria/Documents/repos/SSBSE-Research-2021-replication/subjects/scripts/../components/code/snowball-stemmer/src/java/org/tartarus/snowball/ext/turkishStemmer.java,org.tartarus.snowball.ext.turkishStemmer,r_mark_nUz/0,false,1162,1,3,2,9,3,0,0,2,1,1,0,1,0,0,0,2,0,0,1,0,0,0,12,2,0,false
/Users/pooria/Documents/repos/SSBSE-Research-2021-replication/subjects/scripts/../components/code/snowball-stemmer/src/java/org/tartarus/snowball/ext/turkishStemmer.java,org.tartarus.snowball.ext.turkishStemmer,stem/0,false,3088,1,8,4,33,4,2,0,4,4,28,2,0,0,1,0,0,7,4,2,0,0,0,25,1,0,false
/Users/pooria/Documents/repos/SSBSE-Research-2021-replication/subjects/scripts/../components/code/snowball-stemmer/src/java/org/tartarus/snowball/ext/turkishStemmer.java,org.tartarus.snowball.ext.turkishStemmer,hashCode/0,false,3139,1,1,2,3,1,0,0,2,0,0,0,0,0,0,0,0,0,0,0,0,0,0,2,1,0,false
/Users/pooria/Documents/repos/SSBSE-Research-2021-replication/subjects/scripts/../components/code/snowball-stemmer/src/java/org/tartarus/snowball/ext/turkishStemmer.java,org.tartarus.snowball.ext.turkishStemmer,r_mark_ysA/0,false,1223,1,3,2,9,3,0,0,2,1,1,0,1,0,0,0,2,0,0,1,0,0,0,14,2,0,false
/Users/pooria/Documents/repos/SSBSE-Research-2021-replication/subjects/scripts/../components/code/snowball-stemmer/src/java/org/tartarus/snowball/ext/turkishStemmer.java,org.tartarus.snowball.ext.turkishStemmer,r_mark_DAn/0,false,998,1,3,2,9,3,0,0,2,1,1,0,1,0,0,0,2,0,0,1,0,0,0,13,2,0,false
/Users/pooria/Documents/repos/SSBSE-Research-2021-replication/subjects/scripts/../components/code/snowball-stemmer/src/java/org/tartarus/snowball/ext/turkishStemmer.java,org.tartarus.snowball.ext.turkishStemmer,r_mark_cAsInA/0,false,1192,0,2,1,6,2,0,0,1,0,0,0,1,0,0,0,2,0,0,1,0,0,0,11,2,0,false
/Users/pooria/Documents/repos/SSBSE-Research-2021-replication/subjects/scripts/../components/code/snowball-stemmer/src/java/org/tartarus/snowball/ext/turkishStemmer.java,org.tartarus.snowball.ext.turkishStemmer,r_append_U_to_stems_ending_with_d_or_g/0,false,2670,0,41,3,206,4,19,0,3,0,0,22,0,0,14,14,18,44,36,5,0,0,0,61,2,0,false
/Users/pooria/Documents/repos/SSBSE-Research-2021-replication/subjects/scripts/../components/code/snowball-stemmer/src/java/org/tartarus/snowball/ext/turkishStemmer.java,org.tartarus.snowball.ext.turkishStemmer,r_mark_nU/0,false,896,1,3,2,9,3,0,0,2,1,1,0,1,0,0,0,2,0,0,1,0,0,0,12,2,0,false
/Users/pooria/Documents/repos/SSBSE-Research-2021-replication/subjects/scripts/../components/code/snowball-stemmer/src/java/org/tartarus/snowball/ext/turkishStemmer.java,org.tartarus.snowball.ext.turkishStemmer,r_check_vowel_harmony/0,false,235,0,53,2,223,4,11,0,2,0,0,26,0,0,17,8,26,37,37,5,0,0,0,52,2,0,false
/Users/pooria/Documents/repos/SSBSE-Research-2021-replication/subjects/scripts/../components/code/snowball-stemmer/src/java/org/tartarus/snowball/ext/turkishStemmer.java,org.tartarus.snowball.ext.turkishStemmer,r_mark_ylA/0,false,1028,1,4,3,12,4,0,0,3,2,1,0,1,0,0,0,2,0,0,1,0,0,0,17,2,0,false
/Users/pooria/Documents/repos/SSBSE-Research-2021-replication/subjects/scripts/../components/code/snowball-stemmer/src/java/org/tartarus/snowball/ext/turkishStemmer.java,org.tartarus.snowball.ext.turkishStemmer,r_stem_noun_suffixes/0,false,1910,1,107,17,524,2,27,0,17,16,16,54,0,0,0,0,0,124,75,8,0,0,0,115,2,0,false
/Users/pooria/Documents/repos/SSBSE-Research-2021-replication/subjects/scripts/../components/code/snowball-stemmer/src/java/org/tartarus/snowball/ext/turkishStemmer.java,org.tartarus.snowball.ext.turkishStemmer,r_mark_suffix_with_optional_y_consonant/0,false,670,0,10,2,57,4,7,0,2,0,0,3,0,0,4,2,6,14,14,4,0,0,0,28,2,0,false
/Users/pooria/Documents/repos/SSBSE-Research-2021-replication/subjects/scripts/../components/code/snowball-stemmer/src/java/org/tartarus/snowball/ext/turkishStemmer.java,org.tartarus.snowball.ext.turkishStemmer,equals/1[java.lang.Object],false,3135,1,1,0,3,1,0,1,0,0,0,0,0,0,0,0,0,0,0,0,0,0,0,5,1,0,false
/Users/pooria/Documents/repos/SSBSE-Research-2021-replication/subjects/scripts/../components/code/snowball-stemmer/src/java/org/tartarus/snowball/ext/turkishStemmer.java,org.tartarus.snowball.ext.turkishStemmer,r_mark_yUm/0,false,1080,1,4,3,12,4,0,0,3,2,1,0,1,0,0,0,2,0,0,1,0,0,0,16,2,0,false
/Users/pooria/Documents/repos/SSBSE-Research-2021-replication/subjects/scripts/../components/code/snowball-stemmer/src/java/org/tartarus/snowball/ext/turkishStemmer.java,org.tartarus.snowball.ext.turkishStemmer,r_mark_suffix_with_optional_U_vowel/0,false,751,0,10,2,57,4,7,0,2,0,0,3,0,0,4,0,8,14,14,4,0,0,0,28,2,0,false
/Users/pooria/Documents/repos/SSBSE-Research-2021-replication/subjects/scripts/../components/code/snowball-stemmer/src/java/org/tartarus/snowball/ext/turkishStemmer.java,org.tartarus.snowball.ext.turkishStemmer,r_mark_lAr/0,false,1147,1,3,2,9,3,0,0,2,1,1,0,1,0,0,0,2,0,0,1,0,0,0,12,2,0,false
/Users/pooria/Documents/repos/SSBSE-Research-2021-replication/subjects/scripts/../components/code/snowball-stemmer/src/java/org/tartarus/snowball/ext/turkishStemmer.java,org.tartarus.snowball.ext.turkishStemmer,r_mark_sUn/0,false,1101,1,3,2,9,3,0,0,2,1,1,0,1,0,0,0,2,0,0,1,0,0,0,12,2,0,false
/Users/pooria/Documents/repos/SSBSE-Research-2021-replication/subjects/scripts/../components/code/snowball-stemmer/src/java/org/tartarus/snowball/ext/turkishStemmer.java,org.tartarus.snowball.ext.turkishStemmer,r_mark_ncA/0,false,1059,1,4,3,12,4,0,0,3,2,1,0,1,0,0,0,2,0,0,1,0,0,0,17,2,0,false
/Users/pooria/Documents/repos/SSBSE-Research-2021-replication/subjects/scripts/../components/code/snowball-stemmer/src/java/org/tartarus/snowball/ext/turkishStemmer.java,org.tartarus.snowball.ext.turkishStemmer,r_more_than_one_syllable_word/0,false,2924,0,8,1,36,2,3,0,1,0,0,4,0,0,1,0,4,5,0,6,0,0,0,20,2,0,false
/Users/pooria/Documents/repos/SSBSE-Research-2021-replication/subjects/scripts/../components/code/snowball-stemmer/src/java/org/tartarus/snowball/ext/turkishStemmer.java,org.tartarus.snowball.ext.turkishStemmer,r_stem_nominal_verb_suffixes/0,false,1276,1,67,13,288,2,10,0,13,12,11,35,0,0,0,0,0,48,38,6,0,0,0,84,2,0,false
/Users/pooria/Documents/repos/SSBSE-Research-2021-replication/subjects/scripts/../components/code/snowball-stemmer/src/java/org/tartarus/snowball/ext/turkishStemmer.java,org.tartarus.snowball.ext.turkishStemmer,r_mark_yUz/0,false,1116,1,4,3,12,4,0,0,3,2,1,0,1,0,0,0,2,0,0,1,0,0,0,16,2,0,false
/Users/pooria/Documents/repos/SSBSE-Research-2021-replication/subjects/scripts/../components/code/snowball-stemmer/src/java/org/tartarus/snowball/ext/turkishStemmer.java,org.tartarus.snowball.ext.turkishStemmer,r_mark_suffix_with_optional_n_consonant/0,false,508,0,10,2,57,4,7,0,2,0,0,3,0,0,4,2,6,14,14,4,0,0,0,28,2,0,false
/Users/pooria/Documents/repos/SSBSE-Research-2021-replication/subjects/scripts/../components/code/snowball-stemmer/src/java/org/tartarus/snowball/ext/turkishStemmer.java,org.tartarus.snowball.ext.turkishStemmer,r_mark_yA/0,false,932,1,4,3,12,4,0,0,3,2,1,0,1,0,0,0,2,0,0,1,0,0,0,16,2,0,false
/Users/pooria/Documents/repos/SSBSE-Research-2021-replication/subjects/scripts/../components/code/snowball-stemmer/src/java/org/tartarus/snowball/ext/turkishStemmer.java,org.tartarus.snowball.ext.turkishStemmer,copy_from/1[org.tartarus.snowball.ext.turkishStemmer],false,229,1,1,1,5,0,0,1,1,0,0,0,0,0,0,0,0,2,0,0,0,0,0,12,2,0,false
/Users/pooria/Documents/repos/SSBSE-Research-2021-replication/subjects/scripts/../components/code/snowball-stemmer/src/java/org/tartarus/snowball/ext/turkishStemmer.java,org.tartarus.snowball.ext.turkishStemmer,r_mark_ndAn/0,false,1013,1,3,2,9,3,0,0,2,1,1,0,1,0,0,0,2,0,0,1,0,0,0,12,2,0,false
/Users/pooria/Documents/repos/SSBSE-Research-2021-replication/subjects/scripts/../components/code/snowball-stemmer/src/java/org/tartarus/snowball/ext/turkishStemmer.java,org.tartarus.snowball.ext.turkishStemmer,r_mark_ki/0,false,1049,0,2,1,6,2,0,0,1,0,0,0,0,0,1,1,1,0,0,1,0,0,0,8,2,0,false
/Users/pooria/Documents/repos/SSBSE-Research-2021-replication/subjects/scripts/../components/code/snowball-stemmer/src/java/org/tartarus/snowball/ext/turkishStemmer.java,org.tartarus.snowball.ext.turkishStemmer,r_mark_yDU/0,false,1202,1,4,3,12,4,0,0,3,2,1,0,1,0,0,0,2,0,0,1,0,0,0,17,2,0,false
/Users/pooria/Documents/repos/SSBSE-Research-2021-replication/subjects/scripts/../components/code/snowball-stemmer/src/java/org/tartarus/snowball/ext/turkishStemmer.java,org.tartarus.snowball.ext.turkishStemmer,r_post_process_last_consonants/0,false,2630,0,7,2,26,3,1,0,2,0,0,0,1,0,0,4,7,3,0,1,0,0,0,16,2,0,false
/Users/pooria/Documents/repos/SSBSE-Research-2021-replication/subjects/scripts/../components/code/snowball-stemmer/src/java/org/tartarus/snowball/ext/turkishStemmer.java,org.tartarus.snowball.ext.turkishStemmer,r_mark_lArI/0,false,866,0,2,1,6,2,0,0,1,0,0,0,1,0,0,0,2,0,0,1,0,0,0,10,2,0,false
/Users/pooria/Documents/repos/SSBSE-Research-2021-replication/subjects/scripts/../components/code/snowball-stemmer/src/java/org/tartarus/snowball/ext/turkishStemmer.java,org.tartarus.snowball.ext.turkishStemmer,r_mark_yU/0,false,876,1,4,3,12,4,0,0,3,2,1,0,0,0,1,0,2,0,0,1,0,0,0,16,2,0,false
/Users/pooria/Documents/repos/SSBSE-Research-2021-replication/subjects/scripts/../components/code/snowball-stemmer/src/java/org/tartarus/snowball/ext/turkishStemmer.java,org.tartarus.snowball.ext.turkishStemmer,r_mark_DUr/0,false,1177,1,3,2,9,3,0,0,2,1,1,0,1,0,0,0,2,0,0,1,0,0,0,13,2,0,false
/Users/pooria/Documents/repos/SSBSE-Research-2021-replication/subjects/scripts/../components/code/snowball-stemmer/src/java/org/tartarus/snowball/ext/turkishStemmer.java,org.tartarus.snowball.ext.turkishStemmer,r_mark_possessives/0,false,830,1,3,2,9,3,0,0,2,1,1,0,1,0,0,0,2,0,0,1,0,0,0,14,2,0,false
/Users/pooria/Documents/repos/SSBSE-Research-2021-replication/subjects/scripts/../components/code/snowball-stemmer/src/java/org/tartarus/snowball/ext/turkishStemmer.java,org.tartarus.snowball.ext.turkishStemmer,r_mark_nA/0,false,953,1,3,2,9,3,0,0,2,1,1,0,1,0,0,0,2,0,0,1,0,0,0,12,2,0,false
/Users/pooria/Documents/repos/SSBSE-Research-2021-replication/subjects/scripts/../components/code/snowball-stemmer/src/java/org/tartarus/snowball/ext/turkishStemmer.java,org.tartarus.snowball.ext.turkishStemmer,r_mark_sUnUz/0,false,1137,0,2,1,6,2,0,0,1,0,0,0,1,0,0,0,2,0,0,1,0,0,0,10,2,0,false
/Users/pooria/Documents/repos/SSBSE-Research-2021-replication/subjects/scripts/../components/code/snowball-stemmer/src/java/org/tartarus/snowball/ext/turkishStemmer.java,org.tartarus.snowball.ext.turkishStemmer,r_mark_nUn/0,false,911,1,4,3,12,4,0,0,3,2,1,0,1,0,0,0,2,0,0,1,0,0,0,16,2,0,false
/Users/pooria/Documents/repos/SSBSE-Research-2021-replication/subjects/scripts/../components/code/snowball-stemmer/src/java/org/tartarus/snowball/ext/turkishStemmer.java,org.tartarus.snowball.ext.turkishStemmer,r_mark_yken/0,false,1260,1,3,2,9,3,0,0,2,1,1,0,0,0,1,1,1,0,0,1,0,0,0,13,2,0,false
/Users/pooria/Documents/repos/SSBSE-Research-2021-replication/subjects/scripts/../components/code/snowball-stemmer/src/java/org/tartarus/snowball/ext/spanishStemmer.java,org.tartarus.snowball.ext.spanishStemmer,r_attached_pronoun/0,false,555,1,13,5,49,6,1,0,5,1,1,0,2,0,1,6,13,8,0,2,0,0,0,20,2,0,false
/Users/pooria/Documents/repos/SSBSE-Research-2021-replication/subjects/scripts/../components/code/snowball-stemmer/src/java/org/tartarus/snowball/ext/spanishStemmer.java,org.tartarus.snowball.ext.spanishStemmer,stem/0,false,1100,1,16,7,72,1,6,0,7,7,4,8,0,0,0,0,0,16,9,4,0,0,0,32,1,0,false
/Users/pooria/Documents/repos/SSBSE-Research-2021-replication/subjects/scripts/../components/code/snowball-stemmer/src/java/org/tartarus/snowball/ext/spanishStemmer.java,org.tartarus.snowball.ext.spanishStemmer,hashCode/0,false,1191,1,1,2,3,1,0,0,2,0,0,0,0,0,0,0,0,0,0,0,0,0,0,2,1,0,false
/Users/pooria/Documents/repos/SSBSE-Research-2021-replication/subjects/scripts/../components/code/snowball-stemmer/src/java/org/tartarus/snowball/ext/spanishStemmer.java,org.tartarus.snowball.ext.spanishStemmer,copy_from/1[org.tartarus.snowball.ext.spanishStemmer],false,256,1,1,1,6,0,0,1,1,0,0,0,0,0,0,0,0,3,0,0,0,0,0,10,2,0,false
/Users/pooria/Documents/repos/SSBSE-Research-2021-replication/subjects/scripts/../components/code/snowball-stemmer/src/java/org/tartarus/snowball/ext/spanishStemmer.java,org.tartarus.snowball.ext.spanishStemmer,r_residual_suffix/0,false,1026,1,11,4,49,5,3,0,4,1,1,1,1,0,2,2,7,11,6,3,0,0,0,24,2,0,false
/Users/pooria/Documents/repos/SSBSE-Research-2021-replication/subjects/scripts/../components/code/snowball-stemmer/src/java/org/tartarus/snowball/ext/spanishStemmer.java,org.tartarus.snowball.ext.spanishStemmer,r_R2/0,false,547,0,2,0,6,2,0,0,0,0,0,0,0,0,1,0,0,0,0,1,0,0,0,8,2,0,false
/Users/pooria/Documents/repos/SSBSE-Research-2021-replication/subjects/scripts/../components/code/snowball-stemmer/src/java/org/tartarus/snowball/ext/spanishStemmer.java,org.tartarus.snowball.ext.spanishStemmer,r_RV/0,false,531,0,2,0,6,2,0,0,0,0,0,0,0,0,1,0,0,0,0,1,0,0,0,9,2,0,false
/Users/pooria/Documents/repos/SSBSE-Research-2021-replication/subjects/scripts/../components/code/snowball-stemmer/src/java/org/tartarus/snowball/ext/spanishStemmer.java,org.tartarus.snowball.ext.spanishStemmer,equals/1[java.lang.Object],false,1187,1,1,0,3,1,0,1,0,0,0,0,0,0,0,0,0,0,0,0,0,0,0,5,1,0,false
/Users/pooria/Documents/repos/SSBSE-Research-2021-replication/subjects/scripts/../components/code/snowball-stemmer/src/java/org/tartarus/snowball/ext/spanishStemmer.java,org.tartarus.snowball.ext.spanishStemmer,r_standard_suffix/0,false,635,1,44,6,183,12,6,0,6,2,1,5,4,0,3,6,27,38,20,4,0,0,0,32,2,0,false
/Users/pooria/Documents/repos/SSBSE-Research-2021-replication/subjects/scripts/../components/code/snowball-stemmer/src/java/org/tartarus/snowball/ext/spanishStemmer.java,org.tartarus.snowball.ext.spanishStemmer,r_postlude/0,false,466,0,12,2,45,1,2,0,2,0,0,2,1,0,0,5,9,5,0,4,0,0,0,17,2,0,false
/Users/pooria/Documents/repos/SSBSE-Research-2021-replication/subjects/scripts/../components/code/snowball-stemmer/src/java/org/tartarus/snowball/ext/spanishStemmer.java,org.tartarus.snowball.ext.spanishStemmer,r_R1/0,false,539,0,2,0,6,2,0,0,0,0,0,0,0,0,1,0,0,0,0,1,0,0,0,8,2,0,false
/Users/pooria/Documents/repos/SSBSE-Research-2021-replication/subjects/scripts/../components/code/snowball-stemmer/src/java/org/tartarus/snowball/ext/spanishStemmer.java,org.tartarus.snowball.ext.spanishStemmer,r_y_verb_suffix/0,false,910,0,6,3,32,5,3,0,3,0,0,0,1,0,1,1,5,10,2,2,0,0,0,25,2,0,false
/Users/pooria/Documents/repos/SSBSE-Research-2021-replication/subjects/scripts/../components/code/snowball-stemmer/src/java/org/tartarus/snowball/ext/spanishStemmer.java,org.tartarus.snowball.ext.spanishStemmer,r_mark_regions/0,false,263,0,44,2,164,1,5,0,2,0,0,22,0,0,13,0,26,16,0,8,0,0,0,43,2,0,false
/Users/pooria/Documents/repos/SSBSE-Research-2021-replication/subjects/scripts/../components/code/snowball-stemmer/src/java/org/tartarus/snowball/ext/spanishStemmer.java,org.tartarus.snowball.ext.spanishStemmer,r_verb_suffix/0,false,956,0,9,3,49,4,5,0,3,0,0,1,1,0,2,2,7,16,7,3,0,0,0,27,2,0,false
/Users/pooria/Documents/repos/SSBSE-Research-2021-replication/subjects/scripts/../components/code/snowball-stemmer/src/java/org/tartarus/snowball/ext/swedishStemmer.java,org.tartarus.snowball.ext.swedishStemmer,copy_from/1[org.tartarus.snowball.ext.swedishStemmer],false,83,1,1,1,5,0,0,1,1,0,0,0,0,0,0,0,0,2,0,0,0,0,0,8,2,0,false
/Users/pooria/Documents/repos/SSBSE-Research-2021-replication/subjects/scripts/../components/code/snowball-stemmer/src/java/org/tartarus/snowball/ext/swedishStemmer.java,org.tartarus.snowball.ext.swedishStemmer,r_mark_regions/0,false,89,0,13,2,53,4,3,0,2,0,0,5,0,0,3,0,6,11,1,3,0,0,0,22,2,0,false
/Users/pooria/Documents/repos/SSBSE-Research-2021-replication/subjects/scripts/../components/code/snowball-stemmer/src/java/org/tartarus/snowball/ext/swedishStemmer.java,org.tartarus.snowball.ext.swedishStemmer,r_consonant_pair/0,false,208,0,4,2,29,4,3,0,2,0,0,0,1,0,0,0,2,12,4,1,0,0,0,21,2,0,false
/Users/pooria/Documents/repos/SSBSE-Research-2021-replication/subjects/scripts/../components/code/snowball-stemmer/src/java/org/tartarus/snowball/ext/swedishStemmer.java,org.tartarus.snowball.ext.swedishStemmer,hashCode/0,false,358,1,1,2,3,1,0,0,2,0,0,0,0,0,0,0,0,0,0,0,0,0,0,2,1,0,false
/Users/pooria/Documents/repos/SSBSE-Research-2021-replication/subjects/scripts/../components/code/snowball-stemmer/src/java/org/tartarus/snowball/ext/swedishStemmer.java,org.tartarus.snowball.ext.swedishStemmer,stem/0,false,302,1,9,4,42,1,4,0,4,4,1,4,0,0,0,0,0,11,6,2,0,0,0,23,1,0,false
/Users/pooria/Documents/repos/SSBSE-Research-2021-replication/subjects/scripts/../components/code/snowball-stemmer/src/java/org/tartarus/snowball/ext/swedishStemmer.java,org.tartarus.snowball.ext.swedishStemmer,equals/1[java.lang.Object],false,354,1,1,0,3,1,0,1,0,0,0,0,0,0,0,0,0,0,0,0,0,0,0,5,1,0,false
/Users/pooria/Documents/repos/SSBSE-Research-2021-replication/subjects/scripts/../components/code/snowball-stemmer/src/java/org/tartarus/snowball/ext/swedishStemmer.java,org.tartarus.snowball.ext.swedishStemmer,r_main_suffix/0,false,158,0,7,3,35,5,3,0,3,0,0,0,1,0,1,0,7,10,2,2,0,0,0,23,2,0,false
/Users/pooria/Documents/repos/SSBSE-Research-2021-replication/subjects/scripts/../components/code/snowball-stemmer/src/java/org/tartarus/snowball/ext/swedishStemmer.java,org.tartarus.snowball.ext.swedishStemmer,r_other_suffix/0,false,251,0,7,3,36,4,3,0,3,0,0,0,1,0,0,2,6,11,2,1,0,0,0,22,2,0,false
/Users/pooria/Documents/repos/SSBSE-Research-2021-replication/subjects/scripts/../components/code/snowball-stemmer/src/java/org/tartarus/snowball/ext/danishStemmer.java,org.tartarus.snowball.ext.danishStemmer,r_mark_regions/0,false,83,0,13,2,53,4,3,0,2,0,0,5,0,0,3,0,6,11,1,3,0,0,0,22,2,0,false
/Users/pooria/Documents/repos/SSBSE-Research-2021-replication/subjects/scripts/../components/code/snowball-stemmer/src/java/org/tartarus/snowball/ext/danishStemmer.java,org.tartarus.snowball.ext.danishStemmer,stem/0,false,365,1,11,5,51,1,5,0,5,5,2,5,0,0,0,0,0,13,8,2,0,0,0,26,1,0,false
/Users/pooria/Documents/repos/SSBSE-Research-2021-replication/subjects/scripts/../components/code/snowball-stemmer/src/java/org/tartarus/snowball/ext/danishStemmer.java,org.tartarus.snowball.ext.danishStemmer,r_main_suffix/0,false,152,0,7,3,35,5,3,0,3,0,0,0,1,0,1,0,7,10,2,2,0,0,0,23,2,0,false
/Users/pooria/Documents/repos/SSBSE-Research-2021-replication/subjects/scripts/../components/code/snowball-stemmer/src/java/org/tartarus/snowball/ext/danishStemmer.java,org.tartarus.snowball.ext.danishStemmer,copy_from/1[org.tartarus.snowball.ext.danishStemmer],false,76,1,1,1,6,0,0,1,1,0,0,0,0,0,0,0,0,3,0,0,0,0,0,10,2,0,false
/Users/pooria/Documents/repos/SSBSE-Research-2021-replication/subjects/scripts/../components/code/snowball-stemmer/src/java/org/tartarus/snowball/ext/danishStemmer.java,org.tartarus.snowball.ext.danishStemmer,r_other_suffix/0,false,247,1,11,5,56,4,5,0,5,1,1,2,1,0,2,3,7,16,6,3,0,0,0,30,2,0,false
/Users/pooria/Documents/repos/SSBSE-Research-2021-replication/subjects/scripts/../components/code/snowball-stemmer/src/java/org/tartarus/snowball/ext/danishStemmer.java,org.tartarus.snowball.ext.danishStemmer,equals/1[java.lang.Object],false,428,1,1,0,3,1,0,1,0,0,0,0,0,0,0,0,0,0,0,0,0,0,0,5,1,0,false
/Users/pooria/Documents/repos/SSBSE-Research-2021-replication/subjects/scripts/../components/code/snowball-stemmer/src/java/org/tartarus/snowball/ext/danishStemmer.java,org.tartarus.snowball.ext.danishStemmer,hashCode/0,false,432,1,1,2,3,1,0,0,2,0,0,0,0,0,0,0,0,0,0,0,0,0,0,2,1,0,false
/Users/pooria/Documents/repos/SSBSE-Research-2021-replication/subjects/scripts/../components/code/snowball-stemmer/src/java/org/tartarus/snowball/ext/danishStemmer.java,org.tartarus.snowball.ext.danishStemmer,r_undouble/0,false,327,0,4,4,25,4,2,0,4,0,0,0,0,0,2,0,2,10,2,1,0,0,0,23,2,0,false
/Users/pooria/Documents/repos/SSBSE-Research-2021-replication/subjects/scripts/../components/code/snowball-stemmer/src/java/org/tartarus/snowball/ext/danishStemmer.java,org.tartarus.snowball.ext.danishStemmer,r_consonant_pair/0,false,202,0,4,2,29,4,3,0,2,0,0,0,1,0,0,0,2,12,4,1,0,0,0,21,2,0,false
/Users/pooria/Documents/repos/SSBSE-Research-2021-replication/subjects/scripts/../components/code/snowball-stemmer/src/java/org/tartarus/snowball/ext/italianStemmer.java,org.tartarus.snowball.ext.italianStemmer,r_prelude/0,false,256,0,25,4,105,1,6,0,4,0,0,8,1,0,5,10,18,17,0,7,0,0,0,31,2,0,false
/Users/pooria/Documents/repos/SSBSE-Research-2021-replication/subjects/scripts/../components/code/snowball-stemmer/src/java/org/tartarus/snowball/ext/italianStemmer.java,org.tartarus.snowball.ext.italianStemmer,r_mark_regions/0,false,402,0,44,2,164,1,5,0,2,0,0,22,0,0,13,0,26,16,0,8,0,0,0,43,2,0,false
/Users/pooria/Documents/repos/SSBSE-Research-2021-replication/subjects/scripts/../components/code/snowball-stemmer/src/java/org/tartarus/snowball/ext/italianStemmer.java,org.tartarus.snowball.ext.italianStemmer,hashCode/0,false,1189,1,1,2,3,1,0,0,2,0,0,0,0,0,0,0,0,0,0,0,0,0,0,2,1,0,false
/Users/pooria/Documents/repos/SSBSE-Research-2021-replication/subjects/scripts/../components/code/snowball-stemmer/src/java/org/tartarus/snowball/ext/italianStemmer.java,org.tartarus.snowball.ext.italianStemmer,r_standard_suffix/0,false,720,1,41,7,170,12,5,0,7,3,1,4,3,0,4,7,24,35,18,4,0,0,0,32,2,0,false
/Users/pooria/Documents/repos/SSBSE-Research-2021-replication/subjects/scripts/../components/code/snowball-stemmer/src/java/org/tartarus/snowball/ext/italianStemmer.java,org.tartarus.snowball.ext.italianStemmer,r_postlude/0,false,605,0,9,2,36,1,2,0,2,0,0,2,1,0,0,2,6,5,0,4,0,0,0,17,2,0,false
/Users/pooria/Documents/repos/SSBSE-Research-2021-replication/subjects/scripts/../components/code/snowball-stemmer/src/java/org/tartarus/snowball/ext/italianStemmer.java,org.tartarus.snowball.ext.italianStemmer,r_R2/0,false,671,0,2,0,6,2,0,0,0,0,0,0,0,0,1,0,0,0,0,1,0,0,0,8,2,0,false
/Users/pooria/Documents/repos/SSBSE-Research-2021-replication/subjects/scripts/../components/code/snowball-stemmer/src/java/org/tartarus/snowball/ext/italianStemmer.java,org.tartarus.snowball.ext.italianStemmer,copy_from/1[org.tartarus.snowball.ext.italianStemmer],false,249,1,1,1,6,0,0,1,1,0,0,0,0,0,0,0,0,3,0,0,0,0,0,10,2,0,false
/Users/pooria/Documents/repos/SSBSE-Research-2021-replication/subjects/scripts/../components/code/snowball-stemmer/src/java/org/tartarus/snowball/ext/italianStemmer.java,org.tartarus.snowball.ext.italianStemmer,r_RV/0,false,655,0,2,0,6,2,0,0,0,0,0,0,0,0,1,0,0,0,0,1,0,0,0,9,2,0,false
/Users/pooria/Documents/repos/SSBSE-Research-2021-replication/subjects/scripts/../components/code/snowball-stemmer/src/java/org/tartarus/snowball/ext/italianStemmer.java,org.tartarus.snowball.ext.italianStemmer,r_R1/0,false,663,0,2,0,6,2,0,0,0,0,0,0,0,0,1,0,0,0,0,1,0,0,0,8,2,0,false
/Users/pooria/Documents/repos/SSBSE-Research-2021-replication/subjects/scripts/../components/code/snowball-stemmer/src/java/org/tartarus/snowball/ext/italianStemmer.java,org.tartarus.snowball.ext.italianStemmer,equals/1[java.lang.Object],false,1185,1,1,0,3,1,0,1,0,0,0,0,0,0,0,0,0,0,0,0,0,0,0,5,1,0,false
/Users/pooria/Documents/repos/SSBSE-Research-2021-replication/subjects/scripts/../components/code/snowball-stemmer/src/java/org/tartarus/snowball/ext/italianStemmer.java,org.tartarus.snowball.ext.italianStemmer,r_verb_suffix/0,false,980,0,5,2,30,4,3,0,2,0,0,0,1,0,0,0,4,11,2,1,0,0,0,22,2,0,false
/Users/pooria/Documents/repos/SSBSE-Research-2021-replication/subjects/scripts/../components/code/snowball-stemmer/src/java/org/tartarus/snowball/ext/italianStemmer.java,org.tartarus.snowball.ext.italianStemmer,r_vowel_suffix/0,false,1021,1,10,4,50,1,2,0,4,1,1,2,0,0,4,2,6,15,9,2,0,0,0,24,2,0,false
/Users/pooria/Documents/repos/SSBSE-Research-2021-replication/subjects/scripts/../components/code/snowball-stemmer/src/java/org/tartarus/snowball/ext/italianStemmer.java,org.tartarus.snowball.ext.italianStemmer,r_attached_pronoun/0,false,679,1,7,4,26,5,1,0,4,1,1,0,2,0,0,1,7,3,0,1,0,0,0,18,2,0,false
/Users/pooria/Documents/repos/SSBSE-Research-2021-replication/subjects/scripts/../components/code/snowball-stemmer/src/java/org/tartarus/snowball/ext/italianStemmer.java,org.tartarus.snowball.ext.italianStemmer,stem/0,false,1096,1,16,7,73,1,7,0,7,7,4,8,0,0,0,0,0,17,8,4,0,0,0,33,1,0,false
/Users/pooria/Documents/repos/SSBSE-Research-2021-replication/subjects/scripts/../components/code/snowball-stemmer/src/java/org/tartarus/snowball/ext/englishStemmer.java,org.tartarus.snowball.ext.englishStemmer,r_mark_regions/0,false,275,0,21,3,78,1,2,0,3,0,0,11,1,0,4,0,10,8,0,5,0,0,0,29,2,0,false
/Users/pooria/Documents/repos/SSBSE-Research-2021-replication/subjects/scripts/../components/code/snowball-stemmer/src/java/org/tartarus/snowball/ext/englishStemmer.java,org.tartarus.snowball.ext.englishStemmer,r_Step_4/0,false,872,1,10,4,39,5,2,0,4,1,1,2,1,0,2,2,7,5,2,4,0,0,0,23,2,0,false
/Users/pooria/Documents/repos/SSBSE-Research-2021-replication/subjects/scripts/../components/code/snowball-stemmer/src/java/org/tartarus/snowball/ext/englishStemmer.java,org.tartarus.snowball.ext.englishStemmer,r_exception2/0,false,1000,0,3,1,11,3,0,0,1,0,0,0,1,0,0,0,2,2,0,1,0,0,0,12,2,0,false
/Users/pooria/Documents/repos/SSBSE-Research-2021-replication/subjects/scripts/../components/code/snowball-stemmer/src/java/org/tartarus/snowball/ext/englishStemmer.java,org.tartarus.snowball.ext.englishStemmer,r_R2/0,false,421,0,2,0,6,2,0,0,0,0,0,0,0,0,1,0,0,0,0,1,0,0,0,8,2,0,false
/Users/pooria/Documents/repos/SSBSE-Research-2021-replication/subjects/scripts/../components/code/snowball-stemmer/src/java/org/tartarus/snowball/ext/englishStemmer.java,org.tartarus.snowball.ext.englishStemmer,r_Step_1b/0,false,534,1,18,7,82,10,6,0,7,2,1,2,3,0,1,3,13,16,6,4,0,0,0,32,2,0,false
/Users/pooria/Documents/repos/SSBSE-Research-2021-replication/subjects/scripts/../components/code/snowball-stemmer/src/java/org/tartarus/snowball/ext/englishStemmer.java,org.tartarus.snowball.ext.englishStemmer,r_shortv/0,false,372,0,9,2,31,4,1,0,2,0,0,2,0,0,5,0,10,2,2,3,0,0,0,15,2,0,false
/Users/pooria/Documents/repos/SSBSE-Research-2021-replication/subjects/scripts/../components/code/snowball-stemmer/src/java/org/tartarus/snowball/ext/englishStemmer.java,org.tartarus.snowball.ext.englishStemmer,r_Step_3/0,false,812,1,11,5,38,5,1,0,5,2,1,0,1,0,0,4,9,3,0,2,0,0,0,18,2,0,false
/Users/pooria/Documents/repos/SSBSE-Research-2021-replication/subjects/scripts/../components/code/snowball-stemmer/src/java/org/tartarus/snowball/ext/englishStemmer.java,org.tartarus.snowball.ext.englishStemmer,r_Step_1c/0,false,650,0,8,3,37,4,2,0,3,0,0,3,0,0,3,3,4,6,4,3,0,0,0,24,2,0,false
/Users/pooria/Documents/repos/SSBSE-Research-2021-replication/subjects/scripts/../components/code/snowball-stemmer/src/java/org/tartarus/snowball/ext/englishStemmer.java,org.tartarus.snowball.ext.englishStemmer,r_R1/0,false,413,0,2,0,6,2,0,0,0,0,0,0,0,0,1,0,0,0,0,1,0,0,0,8,2,0,false
/Users/pooria/Documents/repos/SSBSE-Research-2021-replication/subjects/scripts/../components/code/snowball-stemmer/src/java/org/tartarus/snowball/ext/englishStemmer.java,org.tartarus.snowball.ext.englishStemmer,r_Step_1a/0,false,429,0,19,4,78,5,4,0,4,0,0,5,2,0,1,3,13,13,6,5,0,0,0,29,2,0,false
/Users/pooria/Documents/repos/SSBSE-Research-2021-replication/subjects/scripts/../components/code/snowball-stemmer/src/java/org/tartarus/snowball/ext/englishStemmer.java,org.tartarus.snowball.ext.englishStemmer,copy_from/1[org.tartarus.snowball.ext.englishStemmer],false,171,1,1,1,6,0,0,1,1,0,0,0,0,0,0,0,0,3,0,0,0,0,0,12,2,0,false
/Users/pooria/Documents/repos/SSBSE-Research-2021-replication/subjects/scripts/../components/code/snowball-stemmer/src/java/org/tartarus/snowball/ext/englishStemmer.java,org.tartarus.snowball.ext.englishStemmer,r_prelude/0,false,178,0,13,4,69,1,5,0,4,0,0,7,0,0,4,5,5,20,0,6,0,0,0,31,2,0,false
/Users/pooria/Documents/repos/SSBSE-Research-2021-replication/subjects/scripts/../components/code/snowball-stemmer/src/java/org/tartarus/snowball/ext/englishStemmer.java,org.tartarus.snowball.ext.englishStemmer,stem/0,false,1149,1,31,12,143,1,14,0,12,12,6,16,0,0,0,0,2,32,17,6,0,0,0,49,1,0,false
/Users/pooria/Documents/repos/SSBSE-Research-2021-replication/subjects/scripts/../components/code/snowball-stemmer/src/java/org/tartarus/snowball/ext/englishStemmer.java,org.tartarus.snowball.ext.englishStemmer,r_Step_5/0,false,926,1,13,6,54,7,3,0,6,3,1,3,1,0,1,1,6,7,4,5,0,0,0,27,2,0,false
/Users/pooria/Documents/repos/SSBSE-Research-2021-replication/subjects/scripts/../components/code/snowball-stemmer/src/java/org/tartarus/snowball/ext/englishStemmer.java,org.tartarus.snowball.ext.englishStemmer,r_exception1/0,false,1019,0,15,2,50,4,1,0,2,0,0,0,1,0,0,11,14,3,0,1,0,0,0,13,2,0,false
/Users/pooria/Documents/repos/SSBSE-Research-2021-replication/subjects/scripts/../components/code/snowball-stemmer/src/java/org/tartarus/snowball/ext/englishStemmer.java,org.tartarus.snowball.ext.englishStemmer,r_Step_2/0,false,698,1,22,6,71,6,1,0,6,1,1,0,1,0,2,16,22,3,0,2,0,0,0,21,2,0,false
/Users/pooria/Documents/repos/SSBSE-Research-2021-replication/subjects/scripts/../components/code/snowball-stemmer/src/java/org/tartarus/snowball/ext/englishStemmer.java,org.tartarus.snowball.ext.englishStemmer,equals/1[java.lang.Object],false,1319,1,1,0,3,1,0,1,0,0,0,0,0,0,0,0,0,0,0,0,0,0,0,5,1,0,false
/Users/pooria/Documents/repos/SSBSE-Research-2021-replication/subjects/scripts/../components/code/snowball-stemmer/src/java/org/tartarus/snowball/ext/englishStemmer.java,org.tartarus.snowball.ext.englishStemmer,r_postlude/0,false,1099,0,8,2,36,2,2,0,2,0,0,4,0,0,2,2,1,7,0,5,0,0,0,23,2,0,false
/Users/pooria/Documents/repos/SSBSE-Research-2021-replication/subjects/scripts/../components/code/snowball-stemmer/src/java/org/tartarus/snowball/ext/englishStemmer.java,org.tartarus.snowball.ext.englishStemmer,hashCode/0,false,1323,1,1,2,3,1,0,0,2,0,0,0,0,0,0,0,0,0,0,0,0,0,0,2,1,0,false
/Users/pooria/Documents/repos/SSBSE-Research-2021-replication/subjects/scripts/../components/code/snowball-stemmer/src/java/org/tartarus/snowball/ext/porterStemmer.java,org.tartarus.snowball.ext.porterStemmer,equals/1[java.lang.Object],false,911,1,1,0,3,1,0,1,0,0,0,0,0,0,0,0,0,0,0,0,0,0,0,5,1,0,false
/Users/pooria/Documents/repos/SSBSE-Research-2021-replication/subjects/scripts/../components/code/snowball-stemmer/src/java/org/tartarus/snowball/ext/porterStemmer.java,org.tartarus.snowball.ext.porterStemmer,r_Step_5b/0,false,586,1,4,3,15,4,0,0,3,1,1,0,0,0,2,2,2,2,0,1,0,0,0,15,2,0,false
/Users/pooria/Documents/repos/SSBSE-Research-2021-replication/subjects/scripts/../components/code/snowball-stemmer/src/java/org/tartarus/snowball/ext/porterStemmer.java,org.tartarus.snowball.ext.porterStemmer,r_R1/0,false,134,0,2,0,6,2,0,0,0,0,0,0,0,0,1,0,0,0,0,1,0,0,0,8,2,0,false
/Users/pooria/Documents/repos/SSBSE-Research-2021-replication/subjects/scripts/../components/code/snowball-stemmer/src/java/org/tartarus/snowball/ext/porterStemmer.java,org.tartarus.snowball.ext.porterStemmer,r_shortv/0,false,117,0,4,2,12,4,0,0,2,0,0,0,0,0,3,0,6,0,0,1,0,0,0,8,2,0,false
/Users/pooria/Documents/repos/SSBSE-Research-2021-replication/subjects/scripts/../components/code/snowball-stemmer/src/java/org/tartarus/snowball/ext/porterStemmer.java,org.tartarus.snowball.ext.porterStemmer,r_Step_1c/0,false,301,0,9,3,35,3,1,0,3,0,0,4,0,0,3,3,4,4,2,3,0,0,0,24,2,0,false
/Users/pooria/Documents/repos/SSBSE-Research-2021-replication/subjects/scripts/../components/code/snowball-stemmer/src/java/org/tartarus/snowball/ext/porterStemmer.java,org.tartarus.snowball.ext.porterStemmer,r_Step_4/0,false,482,1,10,4,39,5,2,0,4,1,1,2,1,0,2,2,7,5,2,4,0,0,0,23,2,0,false
/Users/pooria/Documents/repos/SSBSE-Research-2021-replication/subjects/scripts/../components/code/snowball-stemmer/src/java/org/tartarus/snowball/ext/porterStemmer.java,org.tartarus.snowball.ext.porterStemmer,copy_from/1[org.tartarus.snowball.ext.porterStemmer],false,110,1,1,1,6,0,0,1,1,0,0,0,0,0,0,0,0,3,0,0,0,0,0,12,2,0,false
/Users/pooria/Documents/repos/SSBSE-Research-2021-replication/subjects/scripts/../components/code/snowball-stemmer/src/java/org/tartarus/snowball/ext/porterStemmer.java,org.tartarus.snowball.ext.porterStemmer,r_Step_5a/0,false,536,1,8,5,37,4,2,0,5,3,1,3,0,0,1,1,1,6,4,4,0,0,0,24,2,0,false
/Users/pooria/Documents/repos/SSBSE-Research-2021-replication/subjects/scripts/../components/code/snowball-stemmer/src/java/org/tartarus/snowball/ext/porterStemmer.java,org.tartarus.snowball.ext.porterStemmer,hashCode/0,false,915,1,1,2,3,1,0,0,2,0,0,0,0,0,0,0,0,0,0,0,0,0,0,2,1,0,false
/Users/pooria/Documents/repos/SSBSE-Research-2021-replication/subjects/scripts/../components/code/snowball-stemmer/src/java/org/tartarus/snowball/ext/porterStemmer.java,org.tartarus.snowball.ext.porterStemmer,r_Step_1a/0,false,150,0,6,3,23,3,1,0,3,0,0,0,1,0,0,2,6,3,0,1,0,0,0,16,2,0,false
/Users/pooria/Documents/repos/SSBSE-Research-2021-replication/subjects/scripts/../components/code/snowball-stemmer/src/java/org/tartarus/snowball/ext/porterStemmer.java,org.tartarus.snowball.ext.porterStemmer,r_Step_2/0,false,347,1,18,3,59,4,1,0,3,1,1,0,1,0,0,14,17,3,0,1,0,0,0,16,2,0,false
/Users/pooria/Documents/repos/SSBSE-Research-2021-replication/subjects/scripts/../components/code/snowball-stemmer/src/java/org/tartarus/snowball/ext/porterStemmer.java,org.tartarus.snowball.ext.porterStemmer,r_Step_1b/0,false,185,1,18,7,82,10,6,0,7,2,1,2,3,0,1,3,13,16,6,4,0,0,0,32,2,0,false
/Users/pooria/Documents/repos/SSBSE-Research-2021-replication/subjects/scripts/../components/code/snowball-stemmer/src/java/org/tartarus/snowball/ext/porterStemmer.java,org.tartarus.snowball.ext.porterStemmer,r_Step_3/0,false,442,1,7,4,26,4,1,0,4,1,1,0,1,0,0,2,6,3,0,1,0,0,0,17,2,0,false
/Users/pooria/Documents/repos/SSBSE-Research-2021-replication/subjects/scripts/../components/code/snowball-stemmer/src/java/org/tartarus/snowball/ext/porterStemmer.java,org.tartarus.snowball.ext.porterStemmer,stem/0,false,612,1,52,12,233,1,16,0,12,8,7,28,0,0,9,6,13,50,16,6,0,0,0,73,1,0,false
/Users/pooria/Documents/repos/SSBSE-Research-2021-replication/subjects/scripts/../components/code/snowball-stemmer/src/java/org/tartarus/snowball/ext/porterStemmer.java,org.tartarus.snowball.ext.porterStemmer,r_R2/0,false,142,0,2,0,6,2,0,0,0,0,0,0,0,0,1,0,0,0,0,1,0,0,0,8,2,0,false
/Users/pooria/Documents/repos/SSBSE-Research-2021-replication/subjects/scripts/../components/code/snowball-stemmer/src/java/org/tartarus/snowball/ext/hungarianStemmer.java,org.tartarus.snowball.ext.hungarianStemmer,r_mark_regions/0,false,245,0,17,3,69,3,3,0,3,0,0,8,1,0,4,0,10,10,0,5,0,0,0,26,2,0,false
/Users/pooria/Documents/repos/SSBSE-Research-2021-replication/subjects/scripts/../components/code/snowball-stemmer/src/java/org/tartarus/snowball/ext/hungarianStemmer.java,org.tartarus.snowball.ext.hungarianStemmer,r_instrum/0,false,413,1,9,5,31,7,1,0,5,3,1,0,1,0,0,0,5,3,0,2,0,0,0,17,2,0,false
/Users/pooria/Documents/repos/SSBSE-Research-2021-replication/subjects/scripts/../components/code/snowball-stemmer/src/java/org/tartarus/snowball/ext/hungarianStemmer.java,org.tartarus.snowball.ext.hungarianStemmer,r_R1/0,false,330,0,2,0,6,2,0,0,0,0,0,0,0,0,1,0,0,0,0,1,0,0,0,8,2,0,false
/Users/pooria/Documents/repos/SSBSE-Research-2021-replication/subjects/scripts/../components/code/snowball-stemmer/src/java/org/tartarus/snowball/ext/hungarianStemmer.java,org.tartarus.snowball.ext.hungarianStemmer,r_owned/0,false,680,1,13,4,44,4,1,0,4,1,1,0,1,0,0,5,12,3,0,1,0,0,0,16,2,0,false
/Users/pooria/Documents/repos/SSBSE-Research-2021-replication/subjects/scripts/../components/code/snowball-stemmer/src/java/org/tartarus/snowball/ext/hungarianStemmer.java,org.tartarus.snowball.ext.hungarianStemmer,r_undouble/0,false,387,0,4,1,17,3,1,0,1,0,0,0,0,0,0,0,1,4,1,2,0,0,0,12,2,0,false
/Users/pooria/Documents/repos/SSBSE-Research-2021-replication/subjects/scripts/../components/code/snowball-stemmer/src/java/org/tartarus/snowball/ext/hungarianStemmer.java,org.tartarus.snowball.ext.hungarianStemmer,r_plural/0,false,620,1,11,4,38,4,1,0,4,1,1,0,1,0,0,2,10,3,0,1,0,0,0,16,2,0,false
/Users/pooria/Documents/repos/SSBSE-Research-2021-replication/subjects/scripts/../components/code/snowball-stemmer/src/java/org/tartarus/snowball/ext/hungarianStemmer.java,org.tartarus.snowball.ext.hungarianStemmer,r_case/0,false,461,1,4,4,15,4,0,0,4,2,2,0,1,0,0,0,2,2,0,1,0,0,0,16,2,0,false
/Users/pooria/Documents/repos/SSBSE-Research-2021-replication/subjects/scripts/../components/code/snowball-stemmer/src/java/org/tartarus/snowball/ext/hungarianStemmer.java,org.tartarus.snowball.ext.hungarianStemmer,r_case_other/0,false,527,1,8,4,29,4,1,0,4,1,1,0,1,0,0,2,7,3,0,1,0,0,0,17,2,0,false
/Users/pooria/Documents/repos/SSBSE-Research-2021-replication/subjects/scripts/../components/code/snowball-stemmer/src/java/org/tartarus/snowball/ext/hungarianStemmer.java,org.tartarus.snowball.ext.hungarianStemmer,stem/0,false,1045,1,21,10,96,1,10,0,10,10,11,10,0,0,0,0,0,23,18,2,0,0,0,40,1,0,false
/Users/pooria/Documents/repos/SSBSE-Research-2021-replication/subjects/scripts/../components/code/snowball-stemmer/src/java/org/tartarus/snowball/ext/hungarianStemmer.java,org.tartarus.snowball.ext.hungarianStemmer,r_case_special/0,false,487,1,7,3,26,4,1,0,3,1,1,0,1,0,0,3,6,3,0,1,0,0,0,16,2,0,false
/Users/pooria/Documents/repos/SSBSE-Research-2021-replication/subjects/scripts/../components/code/snowball-stemmer/src/java/org/tartarus/snowball/ext/hungarianStemmer.java,org.tartarus.snowball.ext.hungarianStemmer,r_sing_owner/0,false,750,1,24,4,77,4,1,0,4,1,1,0,1,0,0,10,23,3,0,1,0,0,0,17,2,0,false
/Users/pooria/Documents/repos/SSBSE-Research-2021-replication/subjects/scripts/../components/code/snowball-stemmer/src/java/org/tartarus/snowball/ext/hungarianStemmer.java,org.tartarus.snowball.ext.hungarianStemmer,copy_from/1[org.tartarus.snowball.ext.hungarianStemmer],false,240,1,1,1,4,0,0,1,1,0,0,0,0,0,0,0,0,1,0,0,0,0,0,7,2,0,false
/Users/pooria/Documents/repos/SSBSE-Research-2021-replication/subjects/scripts/../components/code/snowball-stemmer/src/java/org/tartarus/snowball/ext/hungarianStemmer.java,org.tartarus.snowball.ext.hungarianStemmer,r_factive/0,false,572,1,9,5,31,7,1,0,5,3,1,0,1,0,0,0,5,3,0,2,0,0,0,17,2,0,false
/Users/pooria/Documents/repos/SSBSE-Research-2021-replication/subjects/scripts/../components/code/snowball-stemmer/src/java/org/tartarus/snowball/ext/hungarianStemmer.java,org.tartarus.snowball.ext.hungarianStemmer,r_plur_owner/0,false,875,1,33,4,104,4,1,0,4,1,1,0,1,0,0,12,32,3,0,1,0,0,0,17,2,0,false
/Users/pooria/Documents/repos/SSBSE-Research-2021-replication/subjects/scripts/../components/code/snowball-stemmer/src/java/org/tartarus/snowball/ext/hungarianStemmer.java,org.tartarus.snowball.ext.hungarianStemmer,equals/1[java.lang.Object],false,1163,1,1,0,3,1,0,1,0,0,0,0,0,0,0,0,0,0,0,0,0,0,0,5,1,0,false
/Users/pooria/Documents/repos/SSBSE-Research-2021-replication/subjects/scripts/../components/code/snowball-stemmer/src/java/org/tartarus/snowball/ext/hungarianStemmer.java,org.tartarus.snowball.ext.hungarianStemmer,hashCode/0,false,1167,1,1,2,3,1,0,0,2,0,0,0,0,0,0,0,0,0,0,0,0,0,0,2,1,0,false
/Users/pooria/Documents/repos/SSBSE-Research-2021-replication/subjects/scripts/../components/code/snowball-stemmer/src/java/org/tartarus/snowball/ext/hungarianStemmer.java,org.tartarus.snowball.ext.hungarianStemmer,r_double/0,false,373,0,2,1,9,2,1,0,1,0,0,0,1,0,0,0,2,2,2,1,0,0,0,11,2,0,false
/Users/pooria/Documents/repos/SSBSE-Research-2021-replication/subjects/scripts/../components/code/snowball-stemmer/src/java/org/tartarus/snowball/ext/hungarianStemmer.java,org.tartarus.snowball.ext.hungarianStemmer,r_v_ending/0,false,338,1,6,3,23,4,1,0,3,1,1,0,1,0,0,2,5,3,0,1,0,0,0,16,2,0,false
/Users/pooria/Documents/repos/SSBSE-Research-2021-replication/subjects/scripts/../components/code/snowball-stemmer/src/java/org/tartarus/snowball/ext/germanStemmer.java,org.tartarus.snowball.ext.germanStemmer,r_R1/0,false,361,0,2,0,6,2,0,0,0,0,0,0,0,0,1,0,0,0,0,1,0,0,0,8,2,0,false
/Users/pooria/Documents/repos/SSBSE-Research-2021-replication/subjects/scripts/../components/code/snowball-stemmer/src/java/org/tartarus/snowball/ext/germanStemmer.java,org.tartarus.snowball.ext.germanStemmer,r_mark_regions/0,false,196,0,21,2,77,6,2,0,2,0,0,9,0,0,5,0,10,10,1,3,0,0,0,26,2,0,false
/Users/pooria/Documents/repos/SSBSE-Research-2021-replication/subjects/scripts/../components/code/snowball-stemmer/src/java/org/tartarus/snowball/ext/germanStemmer.java,org.tartarus.snowball.ext.germanStemmer,hashCode/0,false,726,1,1,2,3,1,0,0,2,0,0,0,0,0,0,0,0,0,0,0,0,0,0,2,1,0,false
/Users/pooria/Documents/repos/SSBSE-Research-2021-replication/subjects/scripts/../components/code/snowball-stemmer/src/java/org/tartarus/snowball/ext/germanStemmer.java,org.tartarus.snowball.ext.germanStemmer,copy_from/1[org.tartarus.snowball.ext.germanStemmer],false,70,1,1,1,6,0,0,1,1,0,0,0,0,0,0,0,0,3,0,0,0,0,0,9,2,0,false
/Users/pooria/Documents/repos/SSBSE-Research-2021-replication/subjects/scripts/../components/code/snowball-stemmer/src/java/org/tartarus/snowball/ext/germanStemmer.java,org.tartarus.snowball.ext.germanStemmer,stem/0,false,671,1,9,4,42,1,4,0,4,4,2,4,0,0,0,0,0,11,2,2,0,0,0,22,1,0,false
/Users/pooria/Documents/repos/SSBSE-Research-2021-replication/subjects/scripts/../components/code/snowball-stemmer/src/java/org/tartarus/snowball/ext/germanStemmer.java,org.tartarus.snowball.ext.germanStemmer,r_standard_suffix/0,false,377,1,47,6,211,1,12,0,6,2,1,11,4,0,9,7,34,46,27,6,0,0,0,46,2,0,false
/Users/pooria/Documents/repos/SSBSE-Research-2021-replication/subjects/scripts/../components/code/snowball-stemmer/src/java/org/tartarus/snowball/ext/germanStemmer.java,org.tartarus.snowball.ext.germanStemmer,equals/1[java.lang.Object],false,722,1,1,0,3,1,0,1,0,0,0,0,0,0,0,0,0,0,0,0,0,0,0,5,1,0,false
/Users/pooria/Documents/repos/SSBSE-Research-2021-replication/subjects/scripts/../components/code/snowball-stemmer/src/java/org/tartarus/snowball/ext/germanStemmer.java,org.tartarus.snowball.ext.germanStemmer,r_postlude/0,false,296,0,12,2,45,1,2,0,2,0,0,2,1,0,0,5,9,5,0,4,0,0,0,17,2,0,false
/Users/pooria/Documents/repos/SSBSE-Research-2021-replication/subjects/scripts/../components/code/snowball-stemmer/src/java/org/tartarus/snowball/ext/germanStemmer.java,org.tartarus.snowball.ext.germanStemmer,r_R2/0,false,369,0,2,0,6,2,0,0,0,0,0,0,0,0,1,0,0,0,0,1,0,0,0,8,2,0,false
/Users/pooria/Documents/repos/SSBSE-Research-2021-replication/subjects/scripts/../components/code/snowball-stemmer/src/java/org/tartarus/snowball/ext/germanStemmer.java,org.tartarus.snowball.ext.germanStemmer,r_prelude/0,false,77,0,19,3,90,1,6,0,3,0,0,10,0,0,6,6,9,18,0,7,0,0,0,31,2,0,false
/Users/pooria/Documents/repos/SSBSE-Research-2021-replication/subjects/scripts/../components/code/snowball-stemmer/src/java/org/tartarus/snowball/ext/norwegianStemmer.java,org.tartarus.snowball.ext.norwegianStemmer,r_mark_regions/0,false,82,0,13,2,53,4,3,0,2,0,0,5,0,0,3,0,6,11,1,3,0,0,0,22,2,0,false
/Users/pooria/Documents/repos/SSBSE-Research-2021-replication/subjects/scripts/../components/code/snowball-stemmer/src/java/org/tartarus/snowball/ext/norwegianStemmer.java,org.tartarus.snowball.ext.norwegianStemmer,r_other_suffix/0,false,270,0,5,2,29,4,3,0,2,0,0,0,1,0,0,0,4,10,2,1,0,0,0,21,2,0,false
/Users/pooria/Documents/repos/SSBSE-Research-2021-replication/subjects/scripts/../components/code/snowball-stemmer/src/java/org/tartarus/snowball/ext/norwegianStemmer.java,org.tartarus.snowball.ext.norwegianStemmer,r_main_suffix/0,false,151,0,12,6,54,6,4,0,6,0,0,2,1,0,3,2,11,12,4,4,0,0,0,30,2,0,false
/Users/pooria/Documents/repos/SSBSE-Research-2021-replication/subjects/scripts/../components/code/snowball-stemmer/src/java/org/tartarus/snowball/ext/norwegianStemmer.java,org.tartarus.snowball.ext.norwegianStemmer,r_consonant_pair/0,false,225,0,4,2,29,4,3,0,2,0,0,0,1,0,0,0,2,12,4,1,0,0,0,21,2,0,false
/Users/pooria/Documents/repos/SSBSE-Research-2021-replication/subjects/scripts/../components/code/snowball-stemmer/src/java/org/tartarus/snowball/ext/norwegianStemmer.java,org.tartarus.snowball.ext.norwegianStemmer,equals/1[java.lang.Object],false,363,1,1,0,3,1,0,1,0,0,0,0,0,0,0,0,0,0,0,0,0,0,0,5,1,0,false
/Users/pooria/Documents/repos/SSBSE-Research-2021-replication/subjects/scripts/../components/code/snowball-stemmer/src/java/org/tartarus/snowball/ext/norwegianStemmer.java,org.tartarus.snowball.ext.norwegianStemmer,hashCode/0,false,367,1,1,2,3,1,0,0,2,0,0,0,0,0,0,0,0,0,0,0,0,0,0,2,1,0,false
/Users/pooria/Documents/repos/SSBSE-Research-2021-replication/subjects/scripts/../components/code/snowball-stemmer/src/java/org/tartarus/snowball/ext/norwegianStemmer.java,org.tartarus.snowball.ext.norwegianStemmer,copy_from/1[org.tartarus.snowball.ext.norwegianStemmer],false,76,1,1,1,5,0,0,1,1,0,0,0,0,0,0,0,0,2,0,0,0,0,0,8,2,0,false
/Users/pooria/Documents/repos/SSBSE-Research-2021-replication/subjects/scripts/../components/code/snowball-stemmer/src/java/org/tartarus/snowball/ext/norwegianStemmer.java,org.tartarus.snowball.ext.norwegianStemmer,stem/0,false,311,1,9,4,42,1,4,0,4,4,1,4,0,0,0,0,0,11,6,2,0,0,0,23,1,0,false
/Users/pooria/Documents/repos/SSBSE-Research-2021-replication/subjects/scripts/../components/code/snowball-stemmer/src/java/org/tartarus/snowball/ext/russianStemmer.java,org.tartarus.snowball.ext.russianStemmer,r_adjectival/0,false,350,1,11,4,47,2,3,0,4,1,1,3,1,0,2,2,7,9,6,5,0,0,0,23,2,0,false
/Users/pooria/Documents/repos/SSBSE-Research-2021-replication/subjects/scripts/../components/code/snowball-stemmer/src/java/org/tartarus/snowball/ext/russianStemmer.java,org.tartarus.snowball.ext.russianStemmer,r_tidy_up/0,false,542,0,9,3,35,6,1,0,3,0,0,0,1,0,3,3,9,5,0,2,0,0,0,16,2,0,false
/Users/pooria/Documents/repos/SSBSE-Research-2021-replication/subjects/scripts/../components/code/snowball-stemmer/src/java/org/tartarus/snowball/ext/russianStemmer.java,org.tartarus.snowball.ext.russianStemmer,r_R2/0,false,268,0,2,0,6,2,0,0,0,0,0,0,0,0,1,0,0,0,0,1,0,0,0,8,2,0,false
/Users/pooria/Documents/repos/SSBSE-Research-2021-replication/subjects/scripts/../components/code/snowball-stemmer/src/java/org/tartarus/snowball/ext/russianStemmer.java,org.tartarus.snowball.ext.russianStemmer,r_noun/0,false,487,0,4,2,17,3,1,0,2,0,0,0,1,0,0,0,4,3,0,1,0,0,0,13,2,0,false
/Users/pooria/Documents/repos/SSBSE-Research-2021-replication/subjects/scripts/../components/code/snowball-stemmer/src/java/org/tartarus/snowball/ext/russianStemmer.java,org.tartarus.snowball.ext.russianStemmer,r_reflexive/0,false,413,0,4,2,17,3,1,0,2,0,0,0,1,0,0,0,4,3,0,1,0,0,0,13,2,0,false
/Users/pooria/Documents/repos/SSBSE-Research-2021-replication/subjects/scripts/../components/code/snowball-stemmer/src/java/org/tartarus/snowball/ext/russianStemmer.java,org.tartarus.snowball.ext.russianStemmer,equals/1[java.lang.Object],false,732,1,1,0,3,1,0,1,0,0,0,0,0,0,0,0,0,0,0,0,0,0,0,5,1,0,false
/Users/pooria/Documents/repos/SSBSE-Research-2021-replication/subjects/scripts/../components/code/snowball-stemmer/src/java/org/tartarus/snowball/ext/russianStemmer.java,org.tartarus.snowball.ext.russianStemmer,hashCode/0,false,736,1,1,2,3,1,0,0,2,0,0,0,0,0,0,0,0,0,0,0,0,0,0,2,1,0,false
/Users/pooria/Documents/repos/SSBSE-Research-2021-replication/subjects/scripts/../components/code/snowball-stemmer/src/java/org/tartarus/snowball/ext/russianStemmer.java,org.tartarus.snowball.ext.russianStemmer,stem/0,false,598,1,22,10,108,2,10,0,10,8,3,11,0,0,1,1,1,28,17,5,0,0,0,50,1,0,false
/Users/pooria/Documents/repos/SSBSE-Research-2021-replication/subjects/scripts/../components/code/snowball-stemmer/src/java/org/tartarus/snowball/ext/russianStemmer.java,org.tartarus.snowball.ext.russianStemmer,r_derivational/0,false,512,1,5,3,20,4,1,0,3,1,1,0,1,0,0,0,4,3,0,1,0,0,0,15,2,0,false
/Users/pooria/Documents/repos/SSBSE-Research-2021-replication/subjects/scripts/../components/code/snowball-stemmer/src/java/org/tartarus/snowball/ext/russianStemmer.java,org.tartarus.snowball.ext.russianStemmer,r_perfective_gerund/0,false,276,0,9,3,36,4,2,0,3,0,0,2,1,0,2,2,7,5,2,4,0,0,0,21,2,0,false
/Users/pooria/Documents/repos/SSBSE-Research-2021-replication/subjects/scripts/../components/code/snowball-stemmer/src/java/org/tartarus/snowball/ext/russianStemmer.java,org.tartarus.snowball.ext.russianStemmer,copy_from/1[org.tartarus.snowball.ext.russianStemmer],false,180,1,1,1,5,0,0,1,1,0,0,0,0,0,0,0,0,2,0,0,0,0,0,9,2,0,false
/Users/pooria/Documents/repos/SSBSE-Research-2021-replication/subjects/scripts/../components/code/snowball-stemmer/src/java/org/tartarus/snowball/ext/russianStemmer.java,org.tartarus.snowball.ext.russianStemmer,r_mark_regions/0,false,186,0,18,2,65,1,1,0,2,0,0,9,0,0,4,0,8,6,0,4,0,0,0,25,2,0,false
/Users/pooria/Documents/repos/SSBSE-Research-2021-replication/subjects/scripts/../components/code/snowball-stemmer/src/java/org/tartarus/snowball/ext/russianStemmer.java,org.tartarus.snowball.ext.russianStemmer,r_adjective/0,false,325,0,4,2,17,3,1,0,2,0,0,0,1,0,0,0,4,3,0,1,0,0,0,13,2,0,false
/Users/pooria/Documents/repos/SSBSE-Research-2021-replication/subjects/scripts/../components/code/snowball-stemmer/src/java/org/tartarus/snowball/ext/russianStemmer.java,org.tartarus.snowball.ext.russianStemmer,r_verb/0,false,438,0,9,3,36,4,2,0,3,0,0,2,1,0,2,2,7,5,2,4,0,0,0,20,2,0,false
/Users/pooria/Documents/repos/SSBSE-Research-2021-replication/subjects/scripts/../components/code/snowball-stemmer/src/java/org/tartarus/snowball/ext/dutchStemmer.java,org.tartarus.snowball.ext.dutchStemmer,copy_from/1[org.tartarus.snowball.ext.dutchStemmer],false,78,1,1,1,6,0,0,1,1,0,0,0,0,0,0,0,0,3,0,0,0,0,0,11,2,0,false
/Users/pooria/Documents/repos/SSBSE-Research-2021-replication/subjects/scripts/../components/code/snowball-stemmer/src/java/org/tartarus/snowball/ext/dutchStemmer.java,org.tartarus.snowball.ext.dutchStemmer,r_standard_suffix/0,false,493,1,49,10,207,1,11,0,10,5,3,10,3,0,10,7,28,34,20,7,0,0,0,51,2,0,false
/Users/pooria/Documents/repos/SSBSE-Research-2021-replication/subjects/scripts/../components/code/snowball-stemmer/src/java/org/tartarus/snowball/ext/dutchStemmer.java,org.tartarus.snowball.ext.dutchStemmer,r_postlude/0,false,324,0,9,2,36,1,2,0,2,0,0,2,1,0,0,2,6,5,0,4,0,0,0,17,2,0,false
/Users/pooria/Documents/repos/SSBSE-Research-2021-replication/subjects/scripts/../components/code/snowball-stemmer/src/java/org/tartarus/snowball/ext/dutchStemmer.java,org.tartarus.snowball.ext.dutchStemmer,r_undouble/0,false,390,0,3,2,16,3,1,0,2,0,0,0,1,0,0,0,2,4,2,1,0,0,0,16,2,0,false
/Users/pooria/Documents/repos/SSBSE-Research-2021-replication/subjects/scripts/../components/code/snowball-stemmer/src/java/org/tartarus/snowball/ext/dutchStemmer.java,org.tartarus.snowball.ext.dutchStemmer,r_e_ending/0,false,416,1,5,5,23,5,1,0,5,2,1,0,0,0,2,1,3,6,2,1,0,0,0,23,2,0,false
/Users/pooria/Documents/repos/SSBSE-Research-2021-replication/subjects/scripts/../components/code/snowball-stemmer/src/java/org/tartarus/snowball/ext/dutchStemmer.java,org.tartarus.snowball.ext.dutchStemmer,r_R2/0,false,382,0,2,0,6,2,0,0,0,0,0,0,0,0,1,0,0,0,0,1,0,0,0,8,2,0,false
/Users/pooria/Documents/repos/SSBSE-Research-2021-replication/subjects/scripts/../components/code/snowball-stemmer/src/java/org/tartarus/snowball/ext/dutchStemmer.java,org.tartarus.snowball.ext.dutchStemmer,r_mark_regions/0,false,240,0,19,2,66,5,0,0,2,0,0,9,0,0,5,0,10,5,0,3,0,0,0,22,2,0,false
/Users/pooria/Documents/repos/SSBSE-Research-2021-replication/subjects/scripts/../components/code/snowball-stemmer/src/java/org/tartarus/snowball/ext/dutchStemmer.java,org.tartarus.snowball.ext.dutchStemmer,stem/0,false,791,1,9,4,42,1,4,0,4,4,4,4,0,0,0,0,0,11,2,2,0,0,0,22,1,0,false
/Users/pooria/Documents/repos/SSBSE-Research-2021-replication/subjects/scripts/../components/code/snowball-stemmer/src/java/org/tartarus/snowball/ext/dutchStemmer.java,org.tartarus.snowball.ext.dutchStemmer,r_en_ending/0,false,454,1,6,5,28,5,2,0,5,2,1,1,0,0,2,1,3,4,4,3,0,0,0,21,2,0,false
/Users/pooria/Documents/repos/SSBSE-Research-2021-replication/subjects/scripts/../components/code/snowball-stemmer/src/java/org/tartarus/snowball/ext/dutchStemmer.java,org.tartarus.snowball.ext.dutchStemmer,r_prelude/0,false,85,0,25,4,111,1,7,0,4,0,0,9,1,0,5,11,16,21,0,7,0,0,0,33,2,0,false
/Users/pooria/Documents/repos/SSBSE-Research-2021-replication/subjects/scripts/../components/code/snowball-stemmer/src/java/org/tartarus/snowball/ext/dutchStemmer.java,org.tartarus.snowball.ext.dutchStemmer,r_R1/0,false,374,0,2,0,6,2,0,0,0,0,0,0,0,0,1,0,0,0,0,1,0,0,0,8,2,0,false
/Users/pooria/Documents/repos/SSBSE-Research-2021-replication/subjects/scripts/../components/code/snowball-stemmer/src/java/org/tartarus/snowball/ext/dutchStemmer.java,org.tartarus.snowball.ext.dutchStemmer,hashCode/0,false,846,1,1,2,3,1,0,0,2,0,0,0,0,0,0,0,0,0,0,0,0,0,0,2,1,0,false
/Users/pooria/Documents/repos/SSBSE-Research-2021-replication/subjects/scripts/../components/code/snowball-stemmer/src/java/org/tartarus/snowball/ext/dutchStemmer.java,org.tartarus.snowball.ext.dutchStemmer,equals/1[java.lang.Object],false,842,1,1,0,3,1,0,1,0,0,0,0,0,0,0,0,0,0,0,0,0,0,0,5,1,0,false
/Users/pooria/Documents/repos/SSBSE-Research-2021-replication/subjects/scripts/../components/code/snowball-stemmer/src/java/org/tartarus/snowball/ext/portugueseStemmer.java,org.tartarus.snowball.ext.portugueseStemmer,r_residual_suffix/0,false,874,1,5,3,20,4,1,0,3,1,1,0,1,0,0,0,4,3,0,2,0,0,0,17,2,0,false
/Users/pooria/Documents/repos/SSBSE-Research-2021-replication/subjects/scripts/../components/code/snowball-stemmer/src/java/org/tartarus/snowball/ext/portugueseStemmer.java,org.tartarus.snowball.ext.portugueseStemmer,hashCode/0,false,1125,1,1,2,3,1,0,0,2,0,0,0,0,0,0,0,0,0,0,0,0,0,0,2,1,0,false
/Users/pooria/Documents/repos/SSBSE-Research-2021-replication/subjects/scripts/../components/code/snowball-stemmer/src/java/org/tartarus/snowball/ext/portugueseStemmer.java,org.tartarus.snowball.ext.portugueseStemmer,r_mark_regions/0,false,300,0,44,2,164,1,5,0,2,0,0,22,0,0,13,0,26,16,0,8,0,0,0,43,2,0,false
/Users/pooria/Documents/repos/SSBSE-Research-2021-replication/subjects/scripts/../components/code/snowball-stemmer/src/java/org/tartarus/snowball/ext/portugueseStemmer.java,org.tartarus.snowball.ext.portugueseStemmer,r_postlude/0,false,503,0,9,2,36,1,2,0,2,0,0,2,1,0,0,2,6,5,0,4,0,0,0,17,2,0,false
/Users/pooria/Documents/repos/SSBSE-Research-2021-replication/subjects/scripts/../components/code/snowball-stemmer/src/java/org/tartarus/snowball/ext/portugueseStemmer.java,org.tartarus.snowball.ext.portugueseStemmer,copy_from/1[org.tartarus.snowball.ext.portugueseStemmer],false,243,1,1,1,6,0,0,1,1,0,0,0,0,0,0,0,0,3,0,0,0,0,0,10,2,0,false
/Users/pooria/Documents/repos/SSBSE-Research-2021-replication/subjects/scripts/../components/code/snowball-stemmer/src/java/org/tartarus/snowball/ext/portugueseStemmer.java,org.tartarus.snowball.ext.portugueseStemmer,r_R2/0,false,569,0,2,0,6,2,0,0,0,0,0,0,0,0,1,0,0,0,0,1,0,0,0,8,2,0,false
/Users/pooria/Documents/repos/SSBSE-Research-2021-replication/subjects/scripts/../components/code/snowball-stemmer/src/java/org/tartarus/snowball/ext/portugueseStemmer.java,org.tartarus.snowball.ext.portugueseStemmer,r_RV/0,false,553,0,2,0,6,2,0,0,0,0,0,0,0,0,1,0,0,0,0,1,0,0,0,9,2,0,false
/Users/pooria/Documents/repos/SSBSE-Research-2021-replication/subjects/scripts/../components/code/snowball-stemmer/src/java/org/tartarus/snowball/ext/portugueseStemmer.java,org.tartarus.snowball.ext.portugueseStemmer,stem/0,false,991,1,21,10,101,1,10,0,10,8,4,10,0,0,2,2,2,25,14,6,0,0,0,47,1,0,false
/Users/pooria/Documents/repos/SSBSE-Research-2021-replication/subjects/scripts/../components/code/snowball-stemmer/src/java/org/tartarus/snowball/ext/portugueseStemmer.java,org.tartarus.snowball.ext.portugueseStemmer,equals/1[java.lang.Object],false,1121,1,1,0,3,1,0,1,0,0,0,0,0,0,0,0,0,0,0,0,0,0,0,5,1,0,false
/Users/pooria/Documents/repos/SSBSE-Research-2021-replication/subjects/scripts/../components/code/snowball-stemmer/src/java/org/tartarus/snowball/ext/portugueseStemmer.java,org.tartarus.snowball.ext.portugueseStemmer,r_R1/0,false,561,0,2,0,6,2,0,0,0,0,0,0,0,0,1,0,0,0,0,1,0,0,0,8,2,0,false
/Users/pooria/Documents/repos/SSBSE-Research-2021-replication/subjects/scripts/../components/code/snowball-stemmer/src/java/org/tartarus/snowball/ext/portugueseStemmer.java,org.tartarus.snowball.ext.portugueseStemmer,r_residual_form/0,false,904,1,13,5,58,7,4,0,5,1,1,2,1,0,4,5,9,12,6,4,0,0,0,27,2,0,false
/Users/pooria/Documents/repos/SSBSE-Research-2021-replication/subjects/scripts/../components/code/snowball-stemmer/src/java/org/tartarus/snowball/ext/portugueseStemmer.java,org.tartarus.snowball.ext.portugueseStemmer,r_prelude/0,false,250,0,9,2,36,1,2,0,2,0,0,2,1,0,0,2,6,5,0,4,0,0,0,17,2,0,false
/Users/pooria/Documents/repos/SSBSE-Research-2021-replication/subjects/scripts/../components/code/snowball-stemmer/src/java/org/tartarus/snowball/ext/portugueseStemmer.java,org.tartarus.snowball.ext.portugueseStemmer,r_verb_suffix/0,false,833,0,5,2,30,4,3,0,2,0,0,0,1,0,0,0,4,11,2,1,0,0,0,22,2,0,false
/Users/pooria/Documents/repos/SSBSE-Research-2021-replication/subjects/scripts/../components/code/snowball-stemmer/src/java/org/tartarus/snowball/ext/portugueseStemmer.java,org.tartarus.snowball.ext.portugueseStemmer,r_standard_suffix/0,false,577,1,42,7,170,13,5,0,7,3,1,4,4,0,3,7,27,33,17,4,0,0,0,32,2,0,false
