file,class,type,cbo,wmc,dit,rfc,lcom,tcc,lcc,totalMethodsQty,staticMethodsQty,publicMethodsQty,privateMethodsQty,protectedMethodsQty,defaultMethodsQty,visibleMethodsQty,abstractMethodsQty,finalMethodsQty,synchronizedMethodsQty,totalFieldsQty,staticFieldsQty,publicFieldsQty,privateFieldsQty,protectedFieldsQty,defaultFieldsQty,finalFieldsQty,synchronizedFieldsQty,nosi,loc,returnQty,loopQty,comparisonsQty,tryCatchQty,parenthesizedExpsQty,stringLiteralsQty,numbersQty,assignmentsQty,mathOperationsQty,variablesQty,maxNestedBlocksQty,anonymousClassesQty,innerClassesQty,lambdasQty,uniqueWordsQty,modifiers,logStatementsQty
/Users/pooria/Documents/repos/SSBSE-Research-2021-replication/subjects/scripts/../components/code/commons-numbers/commons-numbers-examples/examples-jmh/src/main/java/org/apache/commons/numbers/examples/jmh/complex/ComplexPerformance.java,org.apache.commons.numbers.examples.jmh.complex.ComplexPerformance$TwoComplexNumbers,innerclass,5,2,3,2,0,1.0,1.0,2,0,2,0,0,0,2,0,0,0,1,0,0,1,0,0,0,0,0,11,1,0,0,0,0,0,0,3,0,2,0,0,0,0,24,9,0
/Users/pooria/Documents/repos/SSBSE-Research-2021-replication/subjects/scripts/../components/code/commons-numbers/commons-numbers-examples/examples-jmh/src/main/java/org/apache/commons/numbers/examples/jmh/complex/ComplexPerformance.java,org.apache.commons.numbers.examples.jmh.complex.ComplexPerformance$ComplexNumbers,innerclass,9,8,2,15,1,0.33333334,0.33333334,3,0,2,0,0,1,3,0,0,0,2,0,0,1,1,0,0,0,12,33,2,0,0,0,0,11,1,7,2,4,1,0,0,5,36,9,0
/Users/pooria/Documents/repos/SSBSE-Research-2021-replication/subjects/scripts/../components/code/commons-numbers/commons-numbers-examples/examples-jmh/src/main/java/org/apache/commons/numbers/examples/jmh/complex/ComplexPerformance.java,org.apache.commons.numbers.examples.jmh.complex.ComplexPerformance,class,17,62,6,26,1485,0.0,0.0,55,10,45,10,0,0,45,0,0,0,2,2,0,2,0,0,2,0,46,266,55,7,0,0,4,3,25,28,8,23,1,0,5,2,212,1,0
/Users/pooria/Documents/repos/SSBSE-Research-2021-replication/subjects/scripts/../components/code/commons-numbers/commons-numbers-examples/examples-jmh/src/main/java/org/apache/commons/numbers/examples/jmh/complex/ComplexPerformance.java,org.apache.commons.numbers.examples.jmh.complex.ComplexPerformance$ComplexAndRealNumbers,innerclass,5,2,3,5,0,1.0,1.0,2,0,2,0,0,0,2,0,0,0,1,0,0,1,0,0,0,0,1,11,1,0,0,0,0,0,0,3,0,2,0,0,0,0,27,9,0
/Users/pooria/Documents/repos/SSBSE-Research-2021-replication/subjects/scripts/../components/code/commons-numbers/commons-numbers-examples/examples-jmh/src/main/java/org/apache/commons/numbers/examples/jmh/complex/ComplexPerformance.java,org.apache.commons.numbers.examples.jmh.complex.ComplexPerformance$ComplexNumberSize,innerclass,2,1,1,0,0,NaN,NaN,1,0,1,0,0,0,1,0,0,0,1,0,0,1,0,0,0,0,0,6,1,0,0,0,0,1,0,0,0,1,0,0,0,0,10,9,0
/Users/pooria/Documents/repos/SSBSE-Research-2021-replication/subjects/scripts/../components/code/commons-numbers/commons-numbers-examples/examples-jmh/src/main/java/org/apache/commons/numbers/examples/jmh/complex/ComplexPerformance.java,org.apache.commons.numbers.examples.jmh.complex.ComplexPerformance$ComplexRealFunction,interface,1,1,1,0,0,NaN,NaN,1,0,0,0,0,1,1,0,0,0,0,0,0,0,0,0,0,0,0,3,0,0,0,0,0,0,0,0,0,0,0,0,0,0,19,2,0
/Users/pooria/Documents/repos/SSBSE-Research-2021-replication/subjects/scripts/../components/code/commons-numbers/commons-numbers-examples/examples-jmh/src/main/java/org/apache/commons/numbers/examples/jmh/complex/SinCosPerformance.java,org.apache.commons.numbers.examples.jmh.complex.SinCosPerformance$Numbers,innerclass,8,10,2,16,4,1.0,1.0,4,1,2,2,0,0,2,0,0,0,2,0,0,1,1,0,0,0,8,40,2,1,0,0,0,13,4,7,9,5,1,0,0,6,52,9,0
/Users/pooria/Documents/repos/SSBSE-Research-2021-replication/subjects/scripts/../components/code/commons-numbers/commons-numbers-examples/examples-jmh/src/main/java/org/apache/commons/numbers/examples/jmh/complex/SinCosPerformance.java,org.apache.commons.numbers.examples.jmh.complex.SinCosPerformance$NumberSize,innerclass,2,1,1,0,0,NaN,NaN,1,0,1,0,0,0,1,0,0,0,1,0,0,1,0,0,0,0,0,6,1,0,0,0,0,1,0,0,0,1,0,0,0,0,9,9,0
/Users/pooria/Documents/repos/SSBSE-Research-2021-replication/subjects/scripts/../components/code/commons-numbers/commons-numbers-examples/examples-jmh/src/main/java/org/apache/commons/numbers/examples/jmh/complex/SinCosPerformance.java,org.apache.commons.numbers.examples.jmh.complex.SinCosPerformance,class,11,12,2,7,45,0.0,0.0,10,4,6,4,0,0,6,0,0,0,1,1,0,1,0,0,1,0,7,91,10,2,0,0,3,3,18,11,6,9,1,0,2,0,131,1,0
/Users/pooria/Documents/repos/SSBSE-Research-2021-replication/subjects/scripts/../components/code/commons-numbers/commons-numbers-arrays/src/test/java/org/apache/commons/numbers/arrays/SafeNormTest.java,org.apache.commons.numbers.arrays.SafeNormTest,class,4,8,1,4,21,0.0,0.0,7,0,6,1,0,0,6,0,0,0,0,0,0,0,0,0,0,0,12,38,1,1,0,0,0,0,45,12,3,11,1,0,0,0,24,1,0
/Users/pooria/Documents/repos/SSBSE-Research-2021-replication/subjects/scripts/../components/code/commons-numbers/commons-numbers-arrays/src/test/java/org/apache/commons/numbers/arrays/MultidimensionalCounterTest.java,org.apache.commons.numbers.arrays.MultidimensionalCounterTest,class,3,9,1,13,10,0.0,0.0,5,0,5,0,0,0,5,0,0,0,0,0,0,0,0,0,0,0,6,51,0,4,0,0,0,5,113,18,2,18,2,0,0,10,32,1,0
/Users/pooria/Documents/repos/SSBSE-Research-2021-replication/subjects/scripts/../components/code/commons-numbers/commons-numbers-arrays/src/test/java/org/apache/commons/numbers/arrays/CosAngleTest.java,org.apache.commons.numbers.arrays.CosAngleTest,class,3,4,1,5,6,0.0,0.0,4,0,4,0,0,0,4,0,0,0,0,0,0,0,0,0,0,0,13,50,0,0,0,0,0,0,42,23,2,17,1,0,0,1,24,1,0
/Users/pooria/Documents/repos/SSBSE-Research-2021-replication/subjects/scripts/../components/code/commons-numbers/commons-numbers-arrays/src/test/java/org/apache/commons/numbers/arrays/LinearCombinationTest.java,org.apache.commons.numbers.arrays.LinearCombinationTest,class,5,11,1,18,10,0.0,0.0,5,0,5,0,0,0,5,0,0,0,0,0,0,0,0,0,0,0,59,108,0,4,0,0,0,0,461,48,29,39,1,0,0,0,45,1,0
/Users/pooria/Documents/repos/SSBSE-Research-2021-replication/subjects/scripts/../components/code/commons-numbers/commons-numbers-arrays/src/main/java/org/apache/commons/numbers/arrays/MultidimensionalCounter.java,org.apache.commons.numbers.arrays.MultidimensionalCounter,class,2,19,1,4,0,0.47619048,1.0,10,3,7,3,0,0,7,0,0,0,5,0,0,5,0,0,5,0,8,73,8,3,1,0,1,10,14,20,12,13,2,0,0,0,102,17,0
/Users/pooria/Documents/repos/SSBSE-Research-2021-replication/subjects/scripts/../components/code/commons-numbers/commons-numbers-arrays/src/main/java/org/apache/commons/numbers/arrays/SafeNorm.java,org.apache.commons.numbers.arrays.SafeNorm,class,1,12,1,2,1,NaN,NaN,2,1,1,1,0,0,1,0,0,0,2,2,0,2,0,0,2,0,5,65,1,1,3,0,7,0,14,26,26,16,5,0,0,0,37,17,0
/Users/pooria/Documents/repos/SSBSE-Research-2021-replication/subjects/scripts/../components/code/commons-numbers/commons-numbers-arrays/src/main/java/org/apache/commons/numbers/arrays/LinearCombination.java,org.apache.commons.numbers.arrays.LinearCombination,class,2,16,1,5,21,0.0,0.0,7,6,4,3,0,0,4,0,0,0,0,0,0,0,0,0,0,0,36,146,7,3,2,0,33,2,14,107,115,96,2,0,0,0,104,17,0
/Users/pooria/Documents/repos/SSBSE-Research-2021-replication/subjects/scripts/../components/code/commons-numbers/commons-numbers-arrays/src/main/java/org/apache/commons/numbers/arrays/CosAngle.java,org.apache.commons.numbers.arrays.CosAngle,class,3,2,1,2,1,NaN,NaN,2,1,1,1,0,0,1,0,0,0,0,0,0,0,0,0,0,0,3,7,1,0,0,0,0,0,0,0,1,0,0,0,0,0,26,17,0
/Users/pooria/Documents/repos/SSBSE-Research-2021-replication/subjects/scripts/../components/code/commons-numbers/commons-numbers-field/src/test/java/org/apache/commons/numbers/field/FieldParametricTest.java,org.apache.commons.numbers.field.FieldParametricTest,class,9,19,1,23,153,0.0,0.0,18,2,16,2,0,0,16,0,0,0,0,0,0,0,0,0,0,0,17,136,1,1,0,0,0,17,2,79,1,78,1,0,0,0,36,1,0
/Users/pooria/Documents/repos/SSBSE-Research-2021-replication/subjects/scripts/../components/code/commons-numbers/commons-numbers-field/src/test/java/org/apache/commons/numbers/field/FieldsList.java,org.apache.commons.numbers.field.FieldsList,class,10,5,1,12,1,0.0,0.0,3,2,0,2,0,1,2,0,0,0,1,1,0,1,0,0,1,0,16,22,1,0,0,1,0,0,15,1,0,1,1,0,0,0,32,16,0
/Users/pooria/Documents/repos/SSBSE-Research-2021-replication/subjects/scripts/../components/code/commons-numbers/commons-numbers-field/src/test/java/org/apache/commons/numbers/field/FP64Test.java,org.apache.commons.numbers.field.FP64Test,class,2,12,1,25,36,0.0,0.0,9,0,9,0,0,0,9,0,0,0,0,0,0,0,0,0,0,0,19,48,0,0,1,0,0,0,32,12,3,12,0,0,0,0,20,1,0
/Users/pooria/Documents/repos/SSBSE-Research-2021-replication/subjects/scripts/../components/code/commons-numbers/commons-numbers-field/src/test/java/org/apache/commons/numbers/field/FieldTestData.java,org.apache.commons.numbers.field.FieldTestData,class,2,6,1,1,0,0.6,1.0,6,0,5,0,0,1,6,0,0,0,4,0,0,4,0,0,4,0,0,27,5,0,0,0,0,4,0,4,1,4,0,0,0,0,16,0,0
/Users/pooria/Documents/repos/SSBSE-Research-2021-replication/subjects/scripts/../components/code/commons-numbers/commons-numbers-field/src/main/java/org/apache/commons/numbers/field/FP64.java,org.apache.commons.numbers.field.FP64,class,3,23,2,5,0,0.8105263,0.9,21,1,20,1,0,0,20,0,0,0,4,3,0,4,0,0,4,0,5,76,22,0,1,0,0,0,6,5,6,5,1,0,0,0,53,17,0
/Users/pooria/Documents/repos/SSBSE-Research-2021-replication/subjects/scripts/../components/code/commons-numbers/commons-numbers-field/src/main/java/org/apache/commons/numbers/field/AbstractField.java,org.apache.commons.numbers.field.AbstractField,class,5,7,1,7,21,0.0,0.0,7,0,7,0,0,0,7,0,0,0,0,0,0,0,0,0,0,0,0,23,7,0,0,0,0,0,0,0,0,0,0,0,0,0,20,1025,0
/Users/pooria/Documents/repos/SSBSE-Research-2021-replication/subjects/scripts/../components/code/commons-numbers/commons-numbers-field/src/main/java/org/apache/commons/numbers/field/FP64Field.java,org.apache.commons.numbers.field.FP64Field,class,3,4,2,1,6,0.0,0.0,4,1,3,1,0,0,3,0,0,0,3,3,0,3,0,0,3,0,2,16,3,0,0,0,0,0,2,3,0,3,0,0,0,0,21,17,0
/Users/pooria/Documents/repos/SSBSE-Research-2021-replication/subjects/scripts/../components/code/commons-numbers/commons-numbers-field/src/main/java/org/apache/commons/numbers/field/FractionField.java,org.apache.commons.numbers.field.FractionField,class,3,4,2,0,6,0.0,0.0,4,1,3,1,0,0,3,0,0,0,1,1,0,1,0,0,1,0,0,14,3,0,0,0,0,0,0,1,0,1,0,0,0,0,14,17,0
/Users/pooria/Documents/repos/SSBSE-Research-2021-replication/subjects/scripts/../components/code/commons-numbers/commons-numbers-field/src/main/java/org/apache/commons/numbers/field/Field.java,org.apache.commons.numbers.field.Field,interface,1,9,1,0,36,0.0,0.0,9,0,0,0,0,9,9,0,0,0,0,0,0,0,0,0,0,0,0,11,0,0,0,0,0,0,0,0,0,0,0,0,0,0,32,1,0
/Users/pooria/Documents/repos/SSBSE-Research-2021-replication/subjects/scripts/../components/code/commons-numbers/commons-numbers-field/src/main/java/org/apache/commons/numbers/field/BigFractionField.java,org.apache.commons.numbers.field.BigFractionField,class,3,4,2,0,6,0.0,0.0,4,1,3,1,0,0,3,0,0,0,1,1,0,1,0,0,1,0,0,14,3,0,0,0,0,0,0,1,0,1,0,0,0,0,15,17,0
/Users/pooria/Documents/repos/SSBSE-Research-2021-replication/subjects/scripts/../components/code/commons-numbers/commons-numbers-gamma/src/test/java/org/apache/commons/numbers/gamma/LogGammaSumTest.java,org.apache.commons.numbers.gamma.LogGammaSumTest,class,3,6,1,8,10,0.0,0.0,5,0,5,0,0,0,5,0,0,0,1,1,0,1,0,0,1,0,2,29,0,1,0,0,0,1,256,10,1,10,1,0,0,4,53,1,0
/Users/pooria/Documents/repos/SSBSE-Research-2021-replication/subjects/scripts/../components/code/commons-numbers/commons-numbers-gamma/src/test/java/org/apache/commons/numbers/gamma/ErfDifferenceTest.java,org.apache.commons.numbers.gamma.ErfDifferenceTest,class,5,3,1,4,0,NaN,NaN,1,0,1,0,0,0,1,0,0,0,0,0,0,0,0,0,0,0,5,14,0,2,0,0,0,0,11,4,2,4,2,0,0,0,22,1,0
/Users/pooria/Documents/repos/SSBSE-Research-2021-replication/subjects/scripts/../components/code/commons-numbers/commons-numbers-gamma/src/test/java/org/apache/commons/numbers/gamma/DigammaTest.java,org.apache.commons.numbers.gamma.DigammaTest,class,4,5,1,9,6,0.0,0.0,4,0,3,1,0,0,3,0,0,0,0,0,0,0,0,0,0,0,22,31,0,1,0,0,1,1,60,3,2,3,1,0,0,0,18,1,0
/Users/pooria/Documents/repos/SSBSE-Research-2021-replication/subjects/scripts/../components/code/commons-numbers/commons-numbers-gamma/src/test/java/org/apache/commons/numbers/gamma/RegularizedGammaTest.java,org.apache.commons.numbers.gamma.RegularizedGammaTest,class,4,8,1,4,28,0.0,0.0,8,0,7,1,0,0,7,0,0,0,0,0,0,0,0,0,0,0,2,29,0,0,0,0,0,0,17,2,1,2,0,0,0,0,13,1,0
/Users/pooria/Documents/repos/SSBSE-Research-2021-replication/subjects/scripts/../components/code/commons-numbers/commons-numbers-gamma/src/test/java/org/apache/commons/numbers/gamma/ErfTest.java,org.apache.commons.numbers.gamma.ErfTest,class,4,9,1,7,21,0.0,0.0,7,0,7,0,0,0,7,0,0,0,0,0,0,0,0,0,0,0,35,81,0,2,0,0,0,0,107,33,13,20,1,0,0,0,43,1,0
/Users/pooria/Documents/repos/SSBSE-Research-2021-replication/subjects/scripts/../components/code/commons-numbers/commons-numbers-gamma/src/test/java/org/apache/commons/numbers/gamma/LogGamma1pTest.java,org.apache.commons.numbers.gamma.LogGamma1pTest,class,4,4,1,6,3,0.0,0.0,3,0,3,0,0,0,3,0,0,0,1,1,0,1,0,0,1,0,3,20,0,1,0,0,0,0,40,8,1,8,1,0,0,2,25,1,0
/Users/pooria/Documents/repos/SSBSE-Research-2021-replication/subjects/scripts/../components/code/commons-numbers/commons-numbers-gamma/src/test/java/org/apache/commons/numbers/gamma/ErfcTest.java,org.apache.commons.numbers.gamma.ErfcTest,class,3,4,1,3,1,0.0,0.0,2,0,2,0,0,0,2,0,0,0,0,0,0,0,0,0,0,0,3,19,0,2,0,0,0,0,88,8,3,7,1,0,0,0,44,1,0
/Users/pooria/Documents/repos/SSBSE-Research-2021-replication/subjects/scripts/../components/code/commons-numbers/commons-numbers-gamma/src/test/java/org/apache/commons/numbers/gamma/LanczosApproximationTest.java,org.apache.commons.numbers.gamma.LanczosApproximationTest,class,2,2,1,3,1,0.0,0.0,2,0,2,0,0,0,2,0,0,0,0,0,0,0,0,0,0,0,4,10,0,0,0,0,0,0,12,0,1,0,0,0,0,0,9,1,0
/Users/pooria/Documents/repos/SSBSE-Research-2021-replication/subjects/scripts/../components/code/commons-numbers/commons-numbers-gamma/src/test/java/org/apache/commons/numbers/gamma/InvGamma1pm1Test.java,org.apache.commons.numbers.gamma.InvGamma1pm1Test,class,4,4,1,6,3,0.0,0.0,3,0,3,0,0,0,3,0,0,0,1,1,0,1,0,0,1,0,3,20,0,1,0,0,0,0,40,8,1,8,1,0,0,2,48,1,0
/Users/pooria/Documents/repos/SSBSE-Research-2021-replication/subjects/scripts/../components/code/commons-numbers/commons-numbers-gamma/src/test/java/org/apache/commons/numbers/gamma/TrigammaTest.java,org.apache.commons.numbers.gamma.TrigammaTest,class,3,3,1,6,1,0.0,0.0,2,0,2,0,0,0,2,0,0,0,0,0,0,0,0,0,0,0,8,14,0,1,0,0,0,1,31,4,2,3,1,0,0,0,11,1,0
/Users/pooria/Documents/repos/SSBSE-Research-2021-replication/subjects/scripts/../components/code/commons-numbers/commons-numbers-gamma/src/test/java/org/apache/commons/numbers/gamma/LogGammaTest.java,org.apache.commons.numbers.gamma.LogGammaTest,class,4,10,1,7,28,0.0,0.0,8,0,7,1,0,0,7,0,0,0,1,1,0,1,0,0,1,0,8,42,0,1,1,0,0,0,277,10,1,9,2,0,0,0,49,1,0
/Users/pooria/Documents/repos/SSBSE-Research-2021-replication/subjects/scripts/../components/code/commons-numbers/commons-numbers-gamma/src/test/java/org/apache/commons/numbers/gamma/InverseErfcTest.java,org.apache.commons.numbers.gamma.InverseErfcTest,class,3,6,1,8,3,0.0,0.0,3,0,3,0,0,0,3,0,0,0,0,0,0,0,0,0,0,0,14,19,0,1,0,0,0,0,13,4,4,3,1,0,0,0,13,1,0
/Users/pooria/Documents/repos/SSBSE-Research-2021-replication/subjects/scripts/../components/code/commons-numbers/commons-numbers-gamma/src/test/java/org/apache/commons/numbers/gamma/LogBetaTest.java,org.apache.commons.numbers.gamma.LogBetaTest,class,5,28,1,19,136,0.0,0.0,17,2,14,3,0,0,14,0,0,0,3,3,0,3,0,0,3,0,7,126,4,3,0,2,2,5,1459,33,3,33,2,0,0,4,56,1,0
/Users/pooria/Documents/repos/SSBSE-Research-2021-replication/subjects/scripts/../components/code/commons-numbers/commons-numbers-gamma/src/test/java/org/apache/commons/numbers/gamma/InverseErfTest.java,org.apache.commons.numbers.gamma.InverseErfTest,class,3,6,1,8,3,0.0,0.0,3,0,3,0,0,0,3,0,0,0,0,0,0,0,0,0,0,0,16,20,0,1,0,0,0,0,13,4,4,3,1,0,0,0,12,1,0
/Users/pooria/Documents/repos/SSBSE-Research-2021-replication/subjects/scripts/../components/code/commons-numbers/commons-numbers-gamma/src/test/java/org/apache/commons/numbers/gamma/RegularizedBetaTest.java,org.apache.commons.numbers.gamma.RegularizedBetaTest,class,3,14,1,5,78,0.0,0.0,13,0,12,1,0,0,12,0,0,0,0,0,0,0,0,0,0,0,3,51,0,0,0,1,0,1,40,5,0,5,1,0,0,0,21,1,0
/Users/pooria/Documents/repos/SSBSE-Research-2021-replication/subjects/scripts/../components/code/commons-numbers/commons-numbers-gamma/src/test/java/org/apache/commons/numbers/gamma/GammaTest.java,org.apache.commons.numbers.gamma.GammaTest,class,3,10,1,9,3,0.0,0.0,3,0,3,0,0,0,3,0,0,0,1,1,0,1,0,0,1,0,11,43,0,3,0,0,0,0,938,19,1,13,2,0,0,0,54,1,0
/Users/pooria/Documents/repos/SSBSE-Research-2021-replication/subjects/scripts/../components/code/commons-numbers/commons-numbers-gamma/src/main/java/org/apache/commons/numbers/gamma/LogBeta.java,org.apache.commons.numbers.gamma.LogBeta,class,6,34,1,12,0,NaN,NaN,5,4,1,4,0,0,1,0,0,0,5,5,0,5,0,0,5,0,44,151,14,7,0,0,26,0,65,57,86,43,4,0,0,0,96,17,0
/Users/pooria/Documents/repos/SSBSE-Research-2021-replication/subjects/scripts/../components/code/commons-numbers/commons-numbers-gamma/src/main/java/org/apache/commons/numbers/gamma/Digamma.java,org.apache.commons.numbers.gamma.Digamma,class,0,8,1,4,1,NaN,NaN,2,1,1,1,0,0,1,0,0,0,6,6,0,6,0,0,6,0,4,30,3,1,0,0,3,0,18,13,19,8,1,0,0,0,85,17,0
/Users/pooria/Documents/repos/SSBSE-Research-2021-replication/subjects/scripts/../components/code/commons-numbers/commons-numbers-gamma/src/main/java/org/apache/commons/numbers/gamma/Trigamma.java,org.apache.commons.numbers.gamma.Trigamma,class,1,7,1,3,1,NaN,NaN,2,1,1,1,0,0,1,0,0,0,5,5,0,5,0,0,5,0,3,22,4,0,0,0,5,0,15,6,21,6,1,0,0,0,39,17,0
/Users/pooria/Documents/repos/SSBSE-Research-2021-replication/subjects/scripts/../components/code/commons-numbers/commons-numbers-gamma/src/main/java/org/apache/commons/numbers/gamma/RegularizedGamma.java,org.apache.commons.numbers.gamma.RegularizedGamma$P,innerclass,3,14,1,9,3,0.0,0.0,3,2,2,1,0,0,2,0,0,0,0,0,0,0,0,0,0,0,10,37,6,1,1,0,2,1,10,6,10,3,2,0,0,0,47,25,0
/Users/pooria/Documents/repos/SSBSE-Research-2021-replication/subjects/scripts/../components/code/commons-numbers/commons-numbers-gamma/src/main/java/org/apache/commons/numbers/gamma/RegularizedGamma.java,org.apache.commons.numbers.gamma.RegularizedGamma$Q,innerclass,4,9,1,7,3,0.0,0.0,3,2,2,1,0,0,2,0,0,0,0,0,0,0,0,0,0,0,7,30,5,0,1,0,1,0,6,1,6,1,1,1,0,0,47,25,0
/Users/pooria/Documents/repos/SSBSE-Research-2021-replication/subjects/scripts/../components/code/commons-numbers/commons-numbers-gamma/src/main/java/org/apache/commons/numbers/gamma/RegularizedGamma.java,org.apache.commons.numbers.gamma.RegularizedGamma,class,0,1,1,0,0,-1.0,-1.0,1,0,0,1,0,0,0,0,0,0,1,1,0,1,0,0,1,0,0,72,0,0,0,0,0,0,1,1,0,1,0,0,2,0,24,17,0
/Users/pooria/Documents/repos/SSBSE-Research-2021-replication/subjects/scripts/../components/code/commons-numbers/commons-numbers-gamma/src/main/java/org/apache/commons/numbers/gamma/RegularizedGamma.java,org.apache.commons.numbers.gamma.RegularizedGamma$Q$Anonymous1,anonymous,0,2,1,0,1,0.0,0.0,2,0,0,0,2,0,2,0,0,0,0,0,0,0,0,0,0,0,0,8,2,0,0,0,3,0,2,0,6,0,0,0,0,0,6,-1,0
/Users/pooria/Documents/repos/SSBSE-Research-2021-replication/subjects/scripts/../components/code/commons-numbers/commons-numbers-gamma/src/main/java/org/apache/commons/numbers/gamma/Erf.java,org.apache.commons.numbers.gamma.Erf,class,1,5,1,2,1,NaN,NaN,2,1,1,1,0,0,1,0,0,0,1,1,0,1,0,0,1,0,2,12,2,0,0,0,0,0,8,2,1,2,1,0,0,0,60,17,0
/Users/pooria/Documents/repos/SSBSE-Research-2021-replication/subjects/scripts/../components/code/commons-numbers/commons-numbers-gamma/src/main/java/org/apache/commons/numbers/gamma/InverseErfc.java,org.apache.commons.numbers.gamma.InverseErfc,class,1,2,1,1,1,NaN,NaN,2,1,1,1,0,0,1,0,0,0,0,0,0,0,0,0,0,0,1,7,1,0,0,0,0,0,1,0,1,0,0,0,0,0,45,17,0
/Users/pooria/Documents/repos/SSBSE-Research-2021-replication/subjects/scripts/../components/code/commons-numbers/commons-numbers-gamma/src/main/java/org/apache/commons/numbers/gamma/LanczosApproximation.java,org.apache.commons.numbers.gamma.LanczosApproximation,class,1,4,1,0,3,0.0,0.0,3,2,2,1,0,0,2,0,0,0,2,2,0,2,0,0,2,0,0,16,2,1,0,0,1,0,21,5,5,4,1,0,0,0,46,17,0
/Users/pooria/Documents/repos/SSBSE-Research-2021-replication/subjects/scripts/../components/code/commons-numbers/commons-numbers-gamma/src/main/java/org/apache/commons/numbers/gamma/LogGammaSum.java,org.apache.commons.numbers.gamma.LogGammaSum,class,2,8,1,3,1,NaN,NaN,2,1,0,1,0,1,1,0,0,0,0,0,0,0,0,0,0,0,5,22,3,0,0,0,3,0,15,1,9,1,1,0,0,0,38,16,0
/Users/pooria/Documents/repos/SSBSE-Research-2021-replication/subjects/scripts/../components/code/commons-numbers/commons-numbers-gamma/src/main/java/org/apache/commons/numbers/gamma/Gamma.java,org.apache.commons.numbers.gamma.Gamma,class,2,9,1,8,1,NaN,NaN,2,1,1,1,0,0,1,0,0,0,2,2,0,2,0,0,2,0,9,42,5,2,1,0,6,0,16,13,15,9,3,0,0,0,69,17,0
/Users/pooria/Documents/repos/SSBSE-Research-2021-replication/subjects/scripts/../components/code/commons-numbers/commons-numbers-gamma/src/main/java/org/apache/commons/numbers/gamma/LogGamma1p.java,org.apache.commons.numbers.gamma.LogGamma1p,class,2,4,1,2,1,NaN,NaN,2,1,1,1,0,0,1,0,0,0,0,0,0,0,0,0,0,0,2,10,1,0,0,0,0,0,4,0,0,0,1,0,0,0,35,16,0
/Users/pooria/Documents/repos/SSBSE-Research-2021-replication/subjects/scripts/../components/code/commons-numbers/commons-numbers-gamma/src/main/java/org/apache/commons/numbers/gamma/InvGamma1pm1.java,org.apache.commons.numbers.gamma.InvGamma1pm1,class,1,8,1,0,1,NaN,NaN,2,1,1,1,0,0,1,0,0,0,36,36,0,36,0,0,36,0,0,112,4,0,0,0,8,0,52,87,108,43,2,0,0,0,83,16,0
/Users/pooria/Documents/repos/SSBSE-Research-2021-replication/subjects/scripts/../components/code/commons-numbers/commons-numbers-gamma/src/main/java/org/apache/commons/numbers/gamma/RegularizedBeta.java,org.apache.commons.numbers.gamma.RegularizedBeta$Anonymous1,anonymous,0,3,1,0,1,0.0,0.0,2,0,0,0,2,0,2,0,0,0,0,0,0,0,0,0,0,0,0,15,3,0,1,0,16,0,12,2,22,2,1,0,0,0,10,-1,0
/Users/pooria/Documents/repos/SSBSE-Research-2021-replication/subjects/scripts/../components/code/commons-numbers/commons-numbers-gamma/src/main/java/org/apache/commons/numbers/gamma/RegularizedBeta.java,org.apache.commons.numbers.gamma.RegularizedBeta,class,3,12,1,7,3,0.0,0.0,3,2,2,1,0,0,2,0,0,0,1,1,0,1,0,0,1,0,10,35,4,0,0,0,6,0,12,2,15,2,1,1,0,0,66,17,0
/Users/pooria/Documents/repos/SSBSE-Research-2021-replication/subjects/scripts/../components/code/commons-numbers/commons-numbers-gamma/src/main/java/org/apache/commons/numbers/gamma/InverseErf.java,org.apache.commons.numbers.gamma.InverseErf,class,0,6,1,2,1,NaN,NaN,2,1,1,1,0,0,1,0,0,0,0,0,0,0,0,0,0,0,3,83,2,0,1,0,2,0,66,64,118,2,1,0,0,0,45,17,0
/Users/pooria/Documents/repos/SSBSE-Research-2021-replication/subjects/scripts/../components/code/commons-numbers/commons-numbers-gamma/src/main/java/org/apache/commons/numbers/gamma/Erfc.java,org.apache.commons.numbers.gamma.Erfc,class,1,5,1,2,1,NaN,NaN,2,1,1,1,0,0,1,0,0,0,1,1,0,1,0,0,1,0,2,12,2,0,0,0,0,0,9,2,2,2,1,0,0,0,62,17,0
/Users/pooria/Documents/repos/SSBSE-Research-2021-replication/subjects/scripts/../components/code/commons-numbers/commons-numbers-gamma/src/main/java/org/apache/commons/numbers/gamma/ErfDifference.java,org.apache.commons.numbers.gamma.ErfDifference,class,3,7,1,3,1,NaN,NaN,2,1,1,1,0,0,1,0,0,0,1,1,0,1,0,0,1,0,9,28,5,0,0,0,0,0,3,1,4,1,3,0,0,0,50,17,0
/Users/pooria/Documents/repos/SSBSE-Research-2021-replication/subjects/scripts/../components/code/commons-numbers/commons-numbers-gamma/src/main/java/org/apache/commons/numbers/gamma/LogGamma.java,org.apache.commons.numbers.gamma.LogGamma,class,2,8,1,5,1,NaN,NaN,2,1,1,1,0,0,1,0,0,0,2,2,0,2,0,0,2,0,11,30,5,1,0,0,5,0,16,8,18,7,2,0,0,0,60,17,0
/Users/pooria/Documents/repos/SSBSE-Research-2021-replication/subjects/scripts/../components/code/commons-numbers/commons-numbers-gamma/src/main/java/org/apache/commons/numbers/gamma/GammaException.java,org.apache.commons.numbers.gamma.GammaException,class,0,1,5,1,0,NaN,NaN,1,0,0,0,0,1,1,0,0,0,2,2,0,1,0,1,2,0,1,7,0,0,0,0,0,1,1,2,0,2,0,0,0,0,49,0,0
/Users/pooria/Documents/repos/SSBSE-Research-2021-replication/subjects/scripts/../components/code/commons-numbers/commons-numbers-fraction/src/test/java/org/apache/commons/numbers/fraction/BigFractionTest.java,org.apache.commons.numbers.fraction.BigFractionTest,class,7,57,1,91,741,0.0,0.0,39,4,35,4,0,0,35,0,0,0,0,0,0,0,0,0,0,0,247,415,0,12,0,6,4,31,499,76,34,61,2,0,0,12,118,1,0
/Users/pooria/Documents/repos/SSBSE-Research-2021-replication/subjects/scripts/../components/code/commons-numbers/commons-numbers-fraction/src/test/java/org/apache/commons/numbers/fraction/FractionTest.java,org.apache.commons.numbers.fraction.FractionTest,class,6,40,1,60,406,0.0,0.0,29,0,27,2,0,0,27,0,0,0,0,0,0,0,0,0,0,0,128,296,0,11,0,0,2,28,325,81,22,81,1,0,0,22,78,1,0
/Users/pooria/Documents/repos/SSBSE-Research-2021-replication/subjects/scripts/../components/code/commons-numbers/commons-numbers-fraction/src/test/java/org/apache/commons/numbers/fraction/CommonTestCases.java,org.apache.commons.numbers.fraction.CommonTestCases$BinaryOperatorTestCase,innerclass,0,1,1,0,0,NaN,NaN,1,0,0,0,0,1,1,0,0,0,6,0,0,0,0,6,6,0,0,16,0,0,0,0,0,0,0,6,0,6,0,0,0,0,35,8,0
/Users/pooria/Documents/repos/SSBSE-Research-2021-replication/subjects/scripts/../components/code/commons-numbers/commons-numbers-fraction/src/test/java/org/apache/commons/numbers/fraction/CommonTestCases.java,org.apache.commons.numbers.fraction.CommonTestCases,class,4,20,1,15,171,0.0,0.0,19,18,0,10,0,9,10,0,0,0,9,9,0,9,0,0,9,0,18,227,18,0,0,0,0,0,469,18,56,18,0,0,3,0,115,16,0
/Users/pooria/Documents/repos/SSBSE-Research-2021-replication/subjects/scripts/../components/code/commons-numbers/commons-numbers-fraction/src/test/java/org/apache/commons/numbers/fraction/CommonTestCases.java,org.apache.commons.numbers.fraction.CommonTestCases$UnaryOperatorTestCase,innerclass,0,1,1,0,0,NaN,NaN,1,0,0,0,0,1,1,0,0,0,4,0,0,0,0,4,4,0,0,12,0,0,0,0,0,0,0,4,0,4,0,0,0,0,30,8,0
/Users/pooria/Documents/repos/SSBSE-Research-2021-replication/subjects/scripts/../components/code/commons-numbers/commons-numbers-fraction/src/test/java/org/apache/commons/numbers/fraction/CommonTestCases.java,org.apache.commons.numbers.fraction.CommonTestCases$DoubleToFractionTestCase,innerclass,0,1,1,0,0,NaN,NaN,1,0,0,0,0,1,1,0,0,0,3,0,0,0,0,3,3,0,0,10,0,0,0,0,0,0,0,3,0,3,0,0,0,0,31,8,0
/Users/pooria/Documents/repos/SSBSE-Research-2021-replication/subjects/scripts/../components/code/commons-numbers/commons-numbers-fraction/src/test/java/org/apache/commons/numbers/fraction/ContinuedFractionTest.java,org.apache.commons.numbers.fraction.ContinuedFractionTest$Anonymous3,anonymous,0,2,1,0,1,0.0,0.0,2,0,2,0,0,0,2,0,0,0,0,0,0,0,0,0,0,0,0,8,2,0,0,0,0,0,2,0,0,0,0,0,0,0,4,-1,0
/Users/pooria/Documents/repos/SSBSE-Research-2021-replication/subjects/scripts/../components/code/commons-numbers/commons-numbers-fraction/src/test/java/org/apache/commons/numbers/fraction/ContinuedFractionTest.java,org.apache.commons.numbers.fraction.ContinuedFractionTest$Anonymous2,anonymous,0,2,1,0,1,0.0,0.0,2,0,2,0,0,0,2,0,0,0,0,0,0,0,0,0,0,0,0,8,2,0,0,0,0,0,2,0,0,0,0,0,0,0,4,-1,0
/Users/pooria/Documents/repos/SSBSE-Research-2021-replication/subjects/scripts/../components/code/commons-numbers/commons-numbers-fraction/src/test/java/org/apache/commons/numbers/fraction/ContinuedFractionTest.java,org.apache.commons.numbers.fraction.ContinuedFractionTest$Anonymous1,anonymous,0,2,1,0,1,0.0,0.0,2,0,2,0,0,0,2,0,0,0,0,0,0,0,0,0,0,0,0,8,2,0,0,0,0,0,2,0,0,0,0,0,0,0,4,-1,0
/Users/pooria/Documents/repos/SSBSE-Research-2021-replication/subjects/scripts/../components/code/commons-numbers/commons-numbers-fraction/src/test/java/org/apache/commons/numbers/fraction/ContinuedFractionTest.java,org.apache.commons.numbers.fraction.ContinuedFractionTest,class,2,3,1,3,3,0.0,0.0,3,0,3,0,0,0,3,0,0,0,0,0,0,0,0,0,0,0,0,44,0,0,0,0,0,0,12,9,0,9,0,3,0,0,16,1,0
/Users/pooria/Documents/repos/SSBSE-Research-2021-replication/subjects/scripts/../components/code/commons-numbers/commons-numbers-fraction/src/main/java/org/apache/commons/numbers/fraction/Fraction.java,org.apache.commons.numbers.fraction.Fraction,class,4,75,2,26,253,0.19784947,0.2580645,34,6,31,3,0,0,31,0,0,0,6,4,2,4,0,0,6,0,38,247,44,1,20,0,12,4,53,56,35,33,3,0,0,0,248,17,0
/Users/pooria/Documents/repos/SSBSE-Research-2021-replication/subjects/scripts/../components/code/commons-numbers/commons-numbers-fraction/src/main/java/org/apache/commons/numbers/fraction/BigFraction.java,org.apache.commons.numbers.fraction.BigFraction,class,4,144,2,56,352,0.35413644,0.40711176,57,12,53,4,0,0,53,0,0,0,5,3,2,3,0,0,5,0,54,457,90,2,44,0,32,9,116,87,47,56,3,0,0,0,400,17,0
/Users/pooria/Documents/repos/SSBSE-Research-2021-replication/subjects/scripts/../components/code/commons-numbers/commons-numbers-fraction/src/main/java/org/apache/commons/numbers/fraction/ContinuedFraction.java,org.apache.commons.numbers.fraction.ContinuedFraction,class,3,11,1,7,6,0.0,0.0,4,0,2,0,2,0,4,2,0,0,0,0,0,0,0,0,0,0,6,47,2,1,0,0,0,3,9,18,8,11,2,0,0,0,87,1025,0
/Users/pooria/Documents/repos/SSBSE-Research-2021-replication/subjects/scripts/../components/code/commons-numbers/commons-numbers-fraction/src/main/java/org/apache/commons/numbers/fraction/FractionException.java,org.apache.commons.numbers.fraction.FractionException,class,0,1,5,1,0,NaN,NaN,1,0,0,0,0,1,1,0,0,0,5,5,0,1,0,4,5,0,1,10,0,0,0,0,0,4,1,5,0,5,0,0,0,0,68,0,0
/Users/pooria/Documents/repos/SSBSE-Research-2021-replication/subjects/scripts/../components/code/commons-numbers/commons-numbers-core/src/test/java/org/apache/commons/numbers/core/PrecisionTest.java,org.apache.commons.numbers.core.PrecisionTest,class,3,26,1,27,105,0.0,0.0,15,0,15,0,0,0,15,0,0,0,0,0,0,0,0,0,0,0,241,295,0,4,2,1,1,7,551,27,27,25,3,0,0,0,57,1,0
/Users/pooria/Documents/repos/SSBSE-Research-2021-replication/subjects/scripts/../components/code/commons-numbers/commons-numbers-core/src/test/java/org/apache/commons/numbers/core/TestUtils.java,org.apache.commons.numbers.core.TestUtils,class,5,26,1,15,36,0.0,0.0,9,8,8,1,0,0,8,0,0,0,0,0,0,0,0,0,0,0,13,95,5,3,1,1,0,3,18,14,2,12,3,0,0,0,140,17,0
/Users/pooria/Documents/repos/SSBSE-Research-2021-replication/subjects/scripts/../components/code/commons-numbers/commons-numbers-core/src/test/java/org/apache/commons/numbers/core/ArithmeticUtilsTest.java,org.apache.commons.numbers.core.ArithmeticUtilsTest,class,6,85,1,41,595,0.0,0.0,35,8,27,8,0,0,27,0,0,0,0,0,0,0,0,0,0,0,159,441,8,21,6,19,13,26,324,85,52,60,4,0,0,7,103,1,0
/Users/pooria/Documents/repos/SSBSE-Research-2021-replication/subjects/scripts/../components/code/commons-numbers/commons-numbers-core/src/main/java/org/apache/commons/numbers/core/Precision.java,org.apache.commons.numbers.core.Precision,class,1,49,1,20,171,0.0,0.0,19,18,18,1,0,0,19,0,0,0,10,10,2,8,0,0,10,0,48,154,25,0,3,1,16,0,27,39,25,31,2,0,0,0,217,17,0
/Users/pooria/Documents/repos/SSBSE-Research-2021-replication/subjects/scripts/../components/code/commons-numbers/commons-numbers-core/src/main/java/org/apache/commons/numbers/core/Addition.java,org.apache.commons.numbers.core.Addition,interface,1,3,1,0,3,0.0,0.0,3,0,0,0,0,3,3,0,0,0,0,0,0,0,0,0,0,0,0,5,0,0,0,0,0,0,0,0,0,0,0,0,0,0,18,1,0
/Users/pooria/Documents/repos/SSBSE-Research-2021-replication/subjects/scripts/../components/code/commons-numbers/commons-numbers-core/src/main/java/org/apache/commons/numbers/core/Multiplication.java,org.apache.commons.numbers.core.Multiplication,interface,1,3,1,0,3,0.0,0.0,3,0,0,0,0,3,3,0,0,0,0,0,0,0,0,0,0,0,0,5,0,0,0,0,0,0,0,0,0,0,0,0,0,0,20,1,0
/Users/pooria/Documents/repos/SSBSE-Research-2021-replication/subjects/scripts/../components/code/commons-numbers/commons-numbers-core/src/main/java/org/apache/commons/numbers/core/NativeOperators.java,org.apache.commons.numbers.core.NativeOperators,interface,3,4,1,0,6,0.0,0.0,4,0,0,0,0,4,4,0,0,0,0,0,0,0,0,0,0,0,0,6,0,0,0,0,0,0,0,0,0,0,0,0,0,0,28,1,0
/Users/pooria/Documents/repos/SSBSE-Research-2021-replication/subjects/scripts/../components/code/commons-numbers/commons-numbers-core/src/main/java/org/apache/commons/numbers/core/ArithmeticUtils.java,org.apache.commons.numbers.core.ArithmeticUtils$NumbersArithmeticException,innerclass,0,1,5,1,0,NaN,NaN,1,0,0,0,0,1,1,0,0,0,1,1,0,1,0,0,1,0,1,6,0,0,0,0,0,0,1,1,0,1,0,0,0,0,24,10,0
/Users/pooria/Documents/repos/SSBSE-Research-2021-replication/subjects/scripts/../components/code/commons-numbers/commons-numbers-core/src/main/java/org/apache/commons/numbers/core/ArithmeticUtils.java,org.apache.commons.numbers.core.ArithmeticUtils,class,2,90,5,15,85,0.10989011,0.10989011,15,14,14,1,0,0,14,0,0,0,3,3,0,3,0,0,3,0,17,239,25,8,27,0,27,6,86,65,38,32,2,0,1,0,187,17,0
/Users/pooria/Documents/repos/SSBSE-Research-2021-replication/subjects/scripts/../components/code/commons-numbers/commons-numbers-angle/src/test/java/org/apache/commons/numbers/angle/PlaneAngleTest.java,org.apache.commons.numbers.angle.PlaneAngleTest,class,2,21,1,17,136,0.0,0.0,17,0,17,0,0,0,17,0,0,0,0,0,0,0,0,0,0,0,40,126,0,4,0,0,6,0,75,55,28,51,2,0,0,0,49,1,0
/Users/pooria/Documents/repos/SSBSE-Research-2021-replication/subjects/scripts/../components/code/commons-numbers/commons-numbers-angle/src/test/java/org/apache/commons/numbers/angle/PlaneAngleRadiansTest.java,org.apache.commons.numbers.angle.PlaneAngleRadiansTest,class,2,17,1,9,105,0.0,0.0,15,0,15,0,0,0,15,0,0,0,0,0,0,0,0,0,0,0,35,115,0,2,0,0,4,1,41,56,27,54,2,0,0,0,35,1,0
/Users/pooria/Documents/repos/SSBSE-Research-2021-replication/subjects/scripts/../components/code/commons-numbers/commons-numbers-angle/src/main/java/org/apache/commons/numbers/angle/PlaneAngleRadians.java,org.apache.commons.numbers.angle.PlaneAngleRadians,class,1,4,1,3,6,0.0,0.0,4,3,3,1,0,0,3,0,0,0,4,4,4,0,0,0,4,0,4,19,3,0,0,0,0,0,3,6,3,6,0,0,0,0,50,17,0
/Users/pooria/Documents/repos/SSBSE-Research-2021-replication/subjects/scripts/../components/code/commons-numbers/commons-numbers-angle/src/main/java/org/apache/commons/numbers/angle/PlaneAngle.java,org.apache.commons.numbers.angle.PlaneAngle,class,1,13,1,3,3,0.41666666,0.41666666,10,3,9,1,0,0,9,0,0,0,8,7,2,6,0,0,8,0,4,49,11,0,2,0,1,0,7,11,11,11,1,0,0,0,86,17,0
/Users/pooria/Documents/repos/SSBSE-Research-2021-replication/subjects/scripts/../components/code/commons-numbers/commons-numbers-primes/src/test/java/org/apache/commons/numbers/primes/SmallPrimesTest.java,org.apache.commons.numbers.primes.SmallPrimesTest,class,3,19,1,10,75,0.14285715,0.14285715,15,0,15,0,0,0,15,0,0,0,1,1,0,1,0,0,1,0,28,86,0,2,2,0,0,0,83,23,15,23,2,0,0,0,41,1,0
/Users/pooria/Documents/repos/SSBSE-Research-2021-replication/subjects/scripts/../components/code/commons-numbers/commons-numbers-primes/src/test/java/org/apache/commons/numbers/primes/PrimesTest.java,org.apache.commons.numbers.primes.PrimesTest,class,4,25,1,17,22,0.027777778,0.027777778,8,3,3,0,0,5,9,0,0,0,4,4,0,0,0,4,4,0,25,100,2,13,0,2,0,3,172,14,8,12,2,0,0,0,42,1,0
/Users/pooria/Documents/repos/SSBSE-Research-2021-replication/subjects/scripts/../components/code/commons-numbers/commons-numbers-primes/src/main/java/org/apache/commons/numbers/primes/Primes.java,org.apache.commons.numbers.primes.Primes,class,2,17,1,4,4,0.33333334,0.33333334,4,3,3,1,0,0,3,0,0,0,1,1,0,0,0,1,1,0,7,54,9,2,6,0,1,1,18,7,2,2,2,0,0,0,88,17,0
/Users/pooria/Documents/repos/SSBSE-Research-2021-replication/subjects/scripts/../components/code/commons-numbers/commons-numbers-primes/src/main/java/org/apache/commons/numbers/primes/SmallPrimes.java,org.apache.commons.numbers.primes.SmallPrimes,class,2,28,1,16,8,0.0,0.0,5,4,0,1,0,4,5,0,0,0,3,3,0,0,0,3,3,0,13,119,7,7,11,0,7,0,547,42,20,34,4,0,0,3,197,16,0
/Users/pooria/Documents/repos/SSBSE-Research-2021-replication/subjects/scripts/../components/code/commons-numbers/commons-numbers-combinatorics/src/test/java/org/apache/commons/numbers/combinatorics/CombinationsTest.java,org.apache.commons.numbers.combinatorics.CombinationsTest,class,5,18,1,16,91,0.0,0.0,14,1,13,1,0,0,13,0,0,0,0,0,0,0,0,0,0,0,23,105,0,3,1,0,0,0,114,33,1,32,2,0,0,6,64,1,0
/Users/pooria/Documents/repos/SSBSE-Research-2021-replication/subjects/scripts/../components/code/commons-numbers/commons-numbers-combinatorics/src/test/java/org/apache/commons/numbers/combinatorics/LogBinomialCoefficientTest.java,org.apache.commons.numbers.combinatorics.LogBinomialCoefficientTest,class,7,14,1,7,10,0.0,0.0,5,0,5,0,0,0,5,0,0,0,0,0,0,0,0,0,0,0,14,53,0,5,0,2,0,5,50,18,6,15,3,0,0,2,51,1,0
/Users/pooria/Documents/repos/SSBSE-Research-2021-replication/subjects/scripts/../components/code/commons-numbers/commons-numbers-combinatorics/src/test/java/org/apache/commons/numbers/combinatorics/BinomialCoefficientDoubleTest.java,org.apache.commons.numbers.combinatorics.BinomialCoefficientDoubleTest,class,7,15,1,8,15,0.0,0.0,6,0,6,0,0,0,6,0,0,0,0,0,0,0,0,0,0,0,12,57,0,5,0,2,0,4,51,19,6,16,3,0,0,2,55,1,0
/Users/pooria/Documents/repos/SSBSE-Research-2021-replication/subjects/scripts/../components/code/commons-numbers/commons-numbers-combinatorics/src/test/java/org/apache/commons/numbers/combinatorics/FactorialDoubleTest.java,org.apache.commons.numbers.combinatorics.FactorialDoubleTest,class,3,17,1,12,66,0.0,0.0,12,0,11,1,0,0,11,0,0,0,0,0,0,0,0,0,0,0,11,70,1,4,1,0,0,6,35,23,12,22,1,0,0,2,32,1,0
/Users/pooria/Documents/repos/SSBSE-Research-2021-replication/subjects/scripts/../components/code/commons-numbers/commons-numbers-combinatorics/src/test/java/org/apache/commons/numbers/combinatorics/LogFactorialTest.java,org.apache.commons.numbers.combinatorics.LogFactorialTest,class,4,13,1,11,36,0.0,0.0,9,0,8,1,0,0,8,0,0,0,0,0,0,0,0,0,0,0,11,60,1,4,0,0,0,3,30,25,10,24,1,0,0,1,29,1,0
/Users/pooria/Documents/repos/SSBSE-Research-2021-replication/subjects/scripts/../components/code/commons-numbers/commons-numbers-combinatorics/src/test/java/org/apache/commons/numbers/combinatorics/BinomialCoefficientTest.java,org.apache.commons.numbers.combinatorics.BinomialCoefficientTest,class,6,31,1,17,66,0.0,0.0,12,1,11,0,0,1,12,0,0,0,1,1,0,1,0,0,1,0,24,118,2,8,6,2,4,7,85,34,17,23,3,0,0,7,74,1,0
/Users/pooria/Documents/repos/SSBSE-Research-2021-replication/subjects/scripts/../components/code/commons-numbers/commons-numbers-combinatorics/src/test/java/org/apache/commons/numbers/combinatorics/FactorialTest.java,org.apache.commons.numbers.combinatorics.FactorialTest,class,3,7,1,5,10,0.0,0.0,5,0,4,1,0,0,4,0,0,0,0,0,0,0,0,0,0,0,2,23,1,2,0,0,0,2,8,4,1,3,1,0,0,2,14,1,0
/Users/pooria/Documents/repos/SSBSE-Research-2021-replication/subjects/scripts/../components/code/commons-numbers/commons-numbers-combinatorics/src/main/java/org/apache/commons/numbers/combinatorics/FactorialDouble.java,org.apache.commons.numbers.combinatorics.FactorialDouble,class,4,17,1,2,0,0.33333334,0.33333334,5,1,3,2,0,0,3,0,0,0,2,1,0,2,0,0,2,0,1,49,6,4,1,0,0,0,13,17,3,11,1,0,0,0,86,17,0
/Users/pooria/Documents/repos/SSBSE-Research-2021-replication/subjects/scripts/../components/code/commons-numbers/commons-numbers-combinatorics/src/main/java/org/apache/commons/numbers/combinatorics/CombinatoricsException.java,org.apache.commons.numbers.combinatorics.CombinatoricsException,class,0,1,5,1,0,NaN,NaN,1,0,0,0,0,1,1,0,0,0,4,4,0,1,0,3,4,0,1,9,0,0,0,0,0,3,1,4,0,4,0,0,0,0,55,0,0
/Users/pooria/Documents/repos/SSBSE-Research-2021-replication/subjects/scripts/../components/code/commons-numbers/commons-numbers-combinatorics/src/main/java/org/apache/commons/numbers/combinatorics/BinomialCoefficientDouble.java,org.apache.commons.numbers.combinatorics.BinomialCoefficientDouble,class,2,9,1,4,1,NaN,NaN,2,1,1,1,0,0,1,0,0,0,0,0,0,0,0,0,0,0,4,25,5,1,4,0,0,0,9,4,6,2,1,0,0,0,41,17,0
/Users/pooria/Documents/repos/SSBSE-Research-2021-replication/subjects/scripts/../components/code/commons-numbers/commons-numbers-combinatorics/src/main/java/org/apache/commons/numbers/combinatorics/BinomialCoefficient.java,org.apache.commons.numbers.combinatorics.BinomialCoefficient,class,3,16,1,4,3,0.0,0.0,3,2,1,1,0,1,2,0,0,0,0,0,0,0,0,0,0,0,5,49,4,3,4,0,4,0,17,12,18,9,2,0,0,0,50,17,0
/Users/pooria/Documents/repos/SSBSE-Research-2021-replication/subjects/scripts/../components/code/commons-numbers/commons-numbers-combinatorics/src/main/java/org/apache/commons/numbers/combinatorics/Combinations.java,org.apache.commons.numbers.combinatorics.Combinations$LexicographicComparator,innerclass,4,8,1,5,0,1.0,1.0,3,0,1,1,0,1,2,0,0,0,3,1,0,3,0,0,3,0,6,35,2,1,2,0,0,0,6,11,2,10,2,0,0,0,74,10,0
/Users/pooria/Documents/repos/SSBSE-Research-2021-replication/subjects/scripts/../components/code/commons-numbers/commons-numbers-combinatorics/src/main/java/org/apache/commons/numbers/combinatorics/Combinations.java,org.apache.commons.numbers.combinatorics.Combinations$LexicographicIterator,innerclass,1,13,1,1,0,0.5,0.5,4,0,3,0,0,1,4,0,0,0,4,0,0,4,0,0,2,0,1,65,6,2,2,0,0,0,20,20,9,8,2,0,0,0,100,10,0
/Users/pooria/Documents/repos/SSBSE-Research-2021-replication/subjects/scripts/../components/code/commons-numbers/commons-numbers-combinatorics/src/main/java/org/apache/commons/numbers/combinatorics/Combinations.java,org.apache.commons.numbers.combinatorics.Combinations,class,6,8,1,1,0,0.9,1.0,6,1,5,1,0,0,5,0,0,0,2,0,0,2,0,0,2,0,1,150,5,0,2,0,0,0,1,2,0,2,0,0,3,0,82,17,0
/Users/pooria/Documents/repos/SSBSE-Research-2021-replication/subjects/scripts/../components/code/commons-numbers/commons-numbers-combinatorics/src/main/java/org/apache/commons/numbers/combinatorics/Combinations.java,org.apache.commons.numbers.combinatorics.Combinations$SingletonIterator,innerclass,1,6,1,0,2,0.33333334,0.5,4,0,3,0,0,1,4,0,0,0,2,0,0,2,0,0,1,0,0,26,2,1,0,0,0,0,1,6,0,4,2,0,0,0,54,10,0
/Users/pooria/Documents/repos/SSBSE-Research-2021-replication/subjects/scripts/../components/code/commons-numbers/commons-numbers-combinatorics/src/main/java/org/apache/commons/numbers/combinatorics/LogFactorial.java,org.apache.commons.numbers.combinatorics.LogFactorial,class,5,13,1,3,0,0.33333334,0.33333334,4,1,3,1,0,0,3,0,0,0,2,1,0,2,0,0,2,0,4,36,5,2,1,0,0,0,7,8,3,6,1,0,0,0,71,17,0
/Users/pooria/Documents/repos/SSBSE-Research-2021-replication/subjects/scripts/../components/code/commons-numbers/commons-numbers-combinatorics/src/main/java/org/apache/commons/numbers/combinatorics/Factorial.java,org.apache.commons.numbers.combinatorics.Factorial,class,2,4,1,0,1,NaN,NaN,2,1,1,1,0,0,1,0,0,0,1,1,0,0,0,1,1,0,0,11,1,0,0,0,0,0,25,1,0,1,1,0,0,0,32,17,0
/Users/pooria/Documents/repos/SSBSE-Research-2021-replication/subjects/scripts/../components/code/commons-numbers/commons-numbers-combinatorics/src/main/java/org/apache/commons/numbers/combinatorics/LogBinomialCoefficient.java,org.apache.commons.numbers.combinatorics.LogBinomialCoefficient,class,3,11,1,5,1,NaN,NaN,2,1,1,1,0,0,1,0,0,0,0,0,0,0,0,0,0,0,9,30,6,2,4,0,0,0,10,5,5,3,1,0,0,0,42,17,0
/Users/pooria/Documents/repos/SSBSE-Research-2021-replication/subjects/scripts/../components/code/commons-numbers/commons-numbers-rootfinder/src/test/java/org/apache/commons/numbers/rootfinder/MonitoredFunction.java,org.apache.commons.numbers.rootfinder.MonitoredFunction,class,0,5,1,1,0,0.8333333,1.0,4,0,1,0,0,3,4,0,0,0,3,0,0,3,0,0,2,0,0,22,2,0,0,0,0,2,1,3,1,3,1,0,0,0,22,0,0
/Users/pooria/Documents/repos/SSBSE-Research-2021-replication/subjects/scripts/../components/code/commons-numbers/commons-numbers-rootfinder/src/test/java/org/apache/commons/numbers/rootfinder/BrentSolverTest.java,org.apache.commons.numbers.rootfinder.BrentSolverTest,class,5,28,1,9,0,1.0,1.0,7,0,7,0,0,0,7,0,0,0,3,3,0,3,0,0,3,0,0,154,0,0,0,5,0,10,94,59,0,28,1,0,0,0,62,1,0
/Users/pooria/Documents/repos/SSBSE-Research-2021-replication/subjects/scripts/../components/code/commons-numbers/commons-numbers-rootfinder/src/test/java/org/apache/commons/numbers/rootfinder/QuinticFunction.java,org.apache.commons.numbers.rootfinder.QuinticFunction,class,0,1,1,0,0,NaN,NaN,1,0,1,0,0,0,1,0,0,0,0,0,0,0,0,0,0,0,0,5,1,0,0,0,4,0,4,0,5,0,0,0,0,0,10,0,0
/Users/pooria/Documents/repos/SSBSE-Research-2021-replication/subjects/scripts/../components/code/commons-numbers/commons-numbers-rootfinder/src/test/java/org/apache/commons/numbers/rootfinder/Sin.java,org.apache.commons.numbers.rootfinder.Sin,class,0,1,1,1,0,NaN,NaN,1,0,1,0,0,0,1,0,0,0,0,0,0,0,0,0,0,0,1,5,1,0,0,0,0,0,0,0,0,0,0,0,0,0,9,0,0
/Users/pooria/Documents/repos/SSBSE-Research-2021-replication/subjects/scripts/../components/code/commons-numbers/commons-numbers-rootfinder/src/main/java/org/apache/commons/numbers/rootfinder/SolverException.java,org.apache.commons.numbers.rootfinder.SolverException,class,0,1,5,1,0,NaN,NaN,1,0,0,0,0,1,1,0,0,0,4,4,0,1,0,3,4,0,1,9,0,0,0,0,0,3,1,4,0,4,0,0,0,0,53,0,0
/Users/pooria/Documents/repos/SSBSE-Research-2021-replication/subjects/scripts/../components/code/commons-numbers/commons-numbers-rootfinder/src/main/java/org/apache/commons/numbers/rootfinder/BrentSolver.java,org.apache.commons.numbers.rootfinder.BrentSolver,class,3,28,1,5,2,0.33333334,0.33333334,4,0,3,1,0,0,3,0,0,0,3,0,0,3,0,0,3,0,14,119,7,1,1,0,11,0,21,50,31,22,3,0,0,0,116,1,0
/Users/pooria/Documents/repos/SSBSE-Research-2021-replication/subjects/scripts/../components/code/commons-numbers/commons-numbers-complex/src/test/java/org/apache/commons/numbers/complex/TestUtils.java,org.apache.commons.numbers.complex.TestUtils$TestDataFlagOption,enum,0,0,1,0,0,-1.0,-1.0,0,0,0,0,0,0,0,0,0,0,0,0,0,0,0,0,0,0,0,3,0,0,0,0,0,0,0,0,0,0,0,0,0,0,26,1,0
/Users/pooria/Documents/repos/SSBSE-Research-2021-replication/subjects/scripts/../components/code/commons-numbers/commons-numbers-complex/src/test/java/org/apache/commons/numbers/complex/TestUtils.java,org.apache.commons.numbers.complex.TestUtils,class,7,53,1,36,120,0.0,0.0,16,15,14,2,0,0,14,0,0,0,0,0,0,0,0,0,0,0,23,199,9,7,9,2,1,18,31,33,8,23,3,0,1,0,254,17,0
/Users/pooria/Documents/repos/SSBSE-Research-2021-replication/subjects/scripts/../components/code/commons-numbers/commons-numbers-complex/src/test/java/org/apache/commons/numbers/complex/ComplexEdgeCaseTest.java,org.apache.commons.numbers.complex.ComplexEdgeCaseTest,class,6,21,1,26,78,0.38181818,0.38181818,16,5,11,5,0,0,11,0,0,0,2,2,0,2,0,0,2,0,244,326,0,5,1,0,2,17,504,86,88,80,2,0,0,0,167,1,0
/Users/pooria/Documents/repos/SSBSE-Research-2021-replication/subjects/scripts/../components/code/commons-numbers/commons-numbers-complex/src/test/java/org/apache/commons/numbers/complex/ComplexTest.java,org.apache.commons.numbers.complex.ComplexTest$NumberType,enum,0,0,1,0,0,-1.0,-1.0,0,0,0,0,0,0,0,0,0,0,0,0,0,0,0,0,0,0,0,1,0,0,0,0,0,0,0,0,0,0,0,0,0,0,16,2,0
/Users/pooria/Documents/repos/SSBSE-Research-2021-replication/subjects/scripts/../components/code/commons-numbers/commons-numbers-complex/src/test/java/org/apache/commons/numbers/complex/ComplexTest.java,org.apache.commons.numbers.complex.ComplexTest,class,8,190,1,103,8057,0.056060605,0.13030303,134,13,121,13,0,0,121,0,0,0,20,20,0,20,0,0,20,0,434,1268,6,36,9,0,8,122,757,396,115,366,4,0,1,39,405,1,0
/Users/pooria/Documents/repos/SSBSE-Research-2021-replication/subjects/scripts/../components/code/commons-numbers/commons-numbers-complex/src/test/java/org/apache/commons/numbers/complex/CReferenceTest.java,org.apache.commons.numbers.complex.CReferenceTest,class,5,34,1,22,188,0.0,0.0,20,7,13,4,0,3,16,0,0,0,4,4,0,4,0,0,2,0,35,119,5,2,1,0,9,27,32,22,14,18,2,0,0,5,229,1,0
/Users/pooria/Documents/repos/SSBSE-Research-2021-replication/subjects/scripts/../components/code/commons-numbers/commons-numbers-complex/src/test/java/org/apache/commons/numbers/complex/CStandardTest.java,org.apache.commons.numbers.complex.CStandardTest$UnspecifiedSign$Anonymous4,anonymous,1,1,1,0,0,NaN,NaN,1,0,0,0,0,1,1,0,0,0,0,0,0,0,0,0,0,0,0,5,1,0,0,0,0,0,0,0,0,0,0,0,0,0,4,-1,0
/Users/pooria/Documents/repos/SSBSE-Research-2021-replication/subjects/scripts/../components/code/commons-numbers/commons-numbers-complex/src/test/java/org/apache/commons/numbers/complex/CStandardTest.java,org.apache.commons.numbers.complex.CStandardTest$UnspecifiedSign$Anonymous2,anonymous,3,2,1,4,0,NaN,NaN,1,0,0,0,0,1,1,0,0,0,0,0,0,0,0,0,0,0,2,5,1,0,0,0,0,0,0,0,0,0,0,0,0,0,6,-1,0
/Users/pooria/Documents/repos/SSBSE-Research-2021-replication/subjects/scripts/../components/code/commons-numbers/commons-numbers-complex/src/test/java/org/apache/commons/numbers/complex/CStandardTest.java,org.apache.commons.numbers.complex.CStandardTest$UnspecifiedSign$Anonymous3,anonymous,2,1,1,1,0,NaN,NaN,1,0,0,0,0,1,1,0,0,0,0,0,0,0,0,0,0,0,0,5,1,0,0,0,0,0,0,0,0,0,0,0,0,0,4,-1,0
/Users/pooria/Documents/repos/SSBSE-Research-2021-replication/subjects/scripts/../components/code/commons-numbers/commons-numbers-complex/src/test/java/org/apache/commons/numbers/complex/CStandardTest.java,org.apache.commons.numbers.complex.CStandardTest$UnspecifiedSign,enum,1,4,1,1,1,NaN,NaN,2,1,0,1,0,1,1,1,0,0,0,0,0,0,0,0,0,0,2,30,1,0,1,0,0,0,2,0,0,0,0,4,0,0,52,2,0
/Users/pooria/Documents/repos/SSBSE-Research-2021-replication/subjects/scripts/../components/code/commons-numbers/commons-numbers-complex/src/test/java/org/apache/commons/numbers/complex/CStandardTest.java,org.apache.commons.numbers.complex.CStandardTest$Anonymous5,anonymous,1,2,1,4,0,NaN,NaN,1,0,1,0,0,0,1,0,0,0,1,0,0,1,0,0,0,0,3,13,2,0,0,0,0,0,0,5,1,3,1,0,0,0,10,-1,0
/Users/pooria/Documents/repos/SSBSE-Research-2021-replication/subjects/scripts/../components/code/commons-numbers/commons-numbers-complex/src/test/java/org/apache/commons/numbers/complex/CStandardTest.java,org.apache.commons.numbers.complex.CStandardTest$FunctionType,enum,0,0,1,0,0,-1.0,-1.0,0,0,0,0,0,0,0,0,0,0,0,0,0,0,0,0,0,0,0,4,0,0,0,0,0,0,0,0,0,0,0,0,0,0,16,2,0
/Users/pooria/Documents/repos/SSBSE-Research-2021-replication/subjects/scripts/../components/code/commons-numbers/commons-numbers-complex/src/test/java/org/apache/commons/numbers/complex/CStandardTest.java,org.apache.commons.numbers.complex.CStandardTest$UnspecifiedSign$Anonymous1,anonymous,3,2,1,4,0,NaN,NaN,1,0,0,0,0,1,1,0,0,0,0,0,0,0,0,0,0,0,2,5,1,0,0,0,0,0,0,0,0,0,0,0,0,0,6,-1,0
/Users/pooria/Documents/repos/SSBSE-Research-2021-replication/subjects/scripts/../components/code/commons-numbers/commons-numbers-complex/src/test/java/org/apache/commons/numbers/complex/CStandardTest.java,org.apache.commons.numbers.complex.CStandardTest,class,7,147,1,82,507,0.6617647,0.6691176,39,23,16,23,0,0,17,0,0,0,44,44,0,44,0,0,44,0,383,717,15,84,10,0,5,58,128,141,26,150,3,1,2,23,375,1,0
/Users/pooria/Documents/repos/SSBSE-Research-2021-replication/subjects/scripts/../components/code/commons-numbers/commons-numbers-complex/src/main/java/org/apache/commons/numbers/complex/Complex.java,org.apache.commons.numbers.complex.Complex$ComplexConstructor,interface,1,1,1,0,0,NaN,NaN,1,0,0,0,0,1,1,0,0,0,0,0,0,0,0,0,0,0,0,3,0,0,0,0,0,0,0,0,0,0,0,0,0,0,24,2,0
/Users/pooria/Documents/repos/SSBSE-Research-2021-replication/subjects/scripts/../components/code/commons-numbers/commons-numbers-complex/src/main/java/org/apache/commons/numbers/complex/Complex.java,org.apache.commons.numbers.complex.Complex,class,2,297,1,88,299,0.75108856,0.81857765,87,36,53,34,0,0,53,0,0,0,42,40,3,39,0,0,42,0,354,1086,156,1,47,2,95,12,230,341,378,193,5,0,1,1,952,17,0
/Users/pooria/Documents/repos/SSBSE-Research-2021-replication/subjects/scripts/../components/code/commons-numbers/commons-numbers-quaternion/src/test/java/org/apache/commons/numbers/quaternion/QuaternionTest.java,org.apache.commons.numbers.quaternion.QuaternionTest,class,4,57,1,47,1042,0.059397165,0.059397165,49,0,48,1,0,0,48,0,35,0,2,2,0,2,0,0,2,0,80,399,0,1,4,1,0,14,365,157,61,148,1,0,0,8,133,1,0
/Users/pooria/Documents/repos/SSBSE-Research-2021-replication/subjects/scripts/../components/code/commons-numbers/commons-numbers-quaternion/src/test/java/org/apache/commons/numbers/quaternion/SlerpTest.java,org.apache.commons.numbers.quaternion.SlerpTest,class,6,25,1,27,111,0.18181819,0.18181819,18,6,11,7,0,0,11,0,0,0,3,3,0,3,0,0,3,0,114,183,5,7,0,0,1,4,225,80,43,78,2,0,0,0,145,1,0
/Users/pooria/Documents/repos/SSBSE-Research-2021-replication/subjects/scripts/../components/code/commons-numbers/commons-numbers-quaternion/src/main/java/org/apache/commons/numbers/quaternion/Slerp.java,org.apache.commons.numbers.quaternion.Slerp$Spherical,innerclass,1,2,1,8,0,1.0,1.0,2,0,1,0,0,1,2,0,0,0,2,0,0,2,0,0,2,0,5,13,1,0,0,0,1,0,1,4,17,4,0,0,0,0,38,2,0
/Users/pooria/Documents/repos/SSBSE-Research-2021-replication/subjects/scripts/../components/code/commons-numbers/commons-numbers-quaternion/src/main/java/org/apache/commons/numbers/quaternion/Slerp.java,org.apache.commons.numbers.quaternion.Slerp,class,3,6,1,4,0,1.0,1.0,2,0,2,0,0,0,2,0,0,0,4,1,0,4,0,0,4,0,0,47,3,0,2,0,0,0,4,8,0,6,1,0,2,0,102,1,0
/Users/pooria/Documents/repos/SSBSE-Research-2021-replication/subjects/scripts/../components/code/commons-numbers/commons-numbers-quaternion/src/main/java/org/apache/commons/numbers/quaternion/Slerp.java,org.apache.commons.numbers.quaternion.Slerp$Linear,innerclass,1,1,1,6,0,NaN,NaN,1,0,1,0,0,0,1,0,0,0,0,0,0,0,0,0,0,0,1,6,1,0,0,0,0,0,1,1,13,1,0,0,0,0,12,2,0
/Users/pooria/Documents/repos/SSBSE-Research-2021-replication/subjects/scripts/../components/code/commons-numbers/commons-numbers-quaternion/src/main/java/org/apache/commons/numbers/quaternion/Quaternion.java,org.apache.commons.numbers.quaternion.Quaternion$Type$Normalized,innerclass,1,0,1,0,0,-1.0,-1.0,0,0,0,0,0,0,0,0,0,0,2,2,0,0,0,2,2,0,0,4,0,0,0,0,0,0,1,2,0,5,0,0,0,2,15,26,0
/Users/pooria/Documents/repos/SSBSE-Research-2021-replication/subjects/scripts/../components/code/commons-numbers/commons-numbers-quaternion/src/main/java/org/apache/commons/numbers/quaternion/Quaternion.java,org.apache.commons.numbers.quaternion.Quaternion$Type$Default,innerclass,2,0,1,3,0,-1.0,-1.0,0,0,0,0,0,0,0,0,0,0,3,3,0,2,0,1,3,0,2,5,0,0,0,0,0,0,1,3,7,7,0,0,0,3,12,26,0
/Users/pooria/Documents/repos/SSBSE-Research-2021-replication/subjects/scripts/../components/code/commons-numbers/commons-numbers-quaternion/src/main/java/org/apache/commons/numbers/quaternion/Quaternion.java,org.apache.commons.numbers.quaternion.Quaternion,class,5,65,6,29,37,0.2840909,0.4375,35,8,33,2,0,0,33,0,0,0,17,12,5,12,0,0,17,0,28,280,40,0,5,4,4,14,42,47,66,42,2,0,2,0,252,17,0
/Users/pooria/Documents/repos/SSBSE-Research-2021-replication/subjects/scripts/../components/code/commons-numbers/commons-numbers-quaternion/src/main/java/org/apache/commons/numbers/quaternion/Quaternion.java,org.apache.commons.numbers.quaternion.Quaternion$QuaternionParsingException,innerclass,0,2,6,1,1,0.0,0.0,2,0,0,0,0,2,2,0,0,0,1,1,0,1,0,0,1,0,0,10,0,0,0,0,0,0,1,1,0,1,0,0,0,0,23,10,0
/Users/pooria/Documents/repos/SSBSE-Research-2021-replication/subjects/scripts/../components/code/commons-numbers/commons-numbers-quaternion/src/main/java/org/apache/commons/numbers/quaternion/Quaternion.java,org.apache.commons.numbers.quaternion.Quaternion$Type,enum,1,4,1,2,0,0.5,1.0,4,0,0,0,0,4,4,0,0,0,3,0,0,3,0,0,3,0,0,31,3,0,0,0,0,0,0,3,0,3,0,0,2,0,40,2,0
